,제목,가사,장르
0,이제 나만 믿어요,"무얼 믿은 걸까 부족했던 내게서
나조차 못 믿던 내게 여태 머문 사람
무얼 봤던 걸까 가진 것도 없던 내게
무작정 내 손을 잡아 날 이끈 사람
최고였어
그대 눈 속에 비친 내 모습
이제는 내게서 그댈 비춰줄게
궂은 비가 오면
세상 가장 큰 그대 우산이 될게
그댄 편히 걸어가요
걷다가 지치면
내가 그대를 안고 어디든 갈게
이제 나만 믿어요
나만 두고 가던
나만 스쳐 간 행운이 모여
그대가 되어서 내게 와준 거야
궂은 비가 오면
세상 가장 큰 그대 우산이 될게
그댄 편히 걸어가요
걷다가 지치면
내가 그대를 안고 어디든 갈게
이제 나만 믿어요
나의 마지막 주인공이 되어
다신 누구 앞에서도
그대는 고개 숙이지 마요
내가 보지 못했던 홀로 고단했던 시간
고맙고 미안해요 사랑해요
이 세상은
우리를 두고 오랜 장난을 했고
우린 속지 않은 거야
이제 울지 마요
좋을 땐 밤새도록 맘껏 웃어요
전부 그대 꺼니까
그대는 걱정 말아요
이제 나만 믿어요",트로트
1,보금자리,"그대 사랑이 나였음 좋겠다
아무것도 필요 없어요
든든한 품에 안겨 잠들고 싶어라
내 사랑의 보금자리
아무것도 바라지 않아요
당신만 있으면 돼
한 눈 팔지 않고 사랑할래요
돈도 필요 없어 백도 필요 없어
당신만 있으면 돼
그대 사랑이 나였음 좋겠다
아무것도 필요 없어요
든든한 품에 안겨 잠들고 싶어라
내 사랑의 보금자리
아무것도 바라지 않아요
당신만 있으면 돼
한 눈 팔지 않고 사랑할래요
돈도 필요 없어 백도 필요 없어
당신만 있으면 돼
아무것도 바라지 않아요
당신만 있으면 돼
한 눈 팔지 않고 사랑할래요
돈도 필요 없어 백도 필요 없어
당신만 있으면 돼
당신만 있으면 돼",트로트
2,사랑역,"돌고 돌아 사랑역
다시 한번 내렸네
아픔만 두고 떠나가는
저 기차는 말이 없는데
이리 갈까 저리 갈까
몇 번을 물어보아도
돌아온 대답은 멀어지는
멀어지는 기적 소리뿐
아 아 아 사랑역 나에겐 눈물역
돌고 돌아 사랑역
다시 한번 내렸네
상처만 두고 떠나가는
저 기차는 말이 없는데
남은 짐 구겨 넣고
돌아서는 내 모습이
마주친 대합실 창 너머로
쓸쓸히 웃음 짓는다
아 아 아 사랑역 나에겐 눈물역
이리 갈까 저리 갈까
몇 번을 물어보아도
돌아온 대답은 멀어지는
멀어지는 기적 소리뿐
아 아 아 사랑역 나에겐 눈물역
나에겐 눈물역",트로트
3,사랑해요 그대를,"너무나 고마운 사람
너무나 따뜻한 사람
한 번도 잊어본 적 없는
내 마음속에 그 사람
나 그대 생각만 해도
가슴이 뭉클해지고
그런 당신 내 곁에 있어
나는 행복한 사람
그대는 나만의 사랑
그대는 나만의 행복
세월 가도 영원히
당신은 나만의 사랑
사랑해요 그대를
사랑해요 그대를
이 생명 다할 때까지
당신은 내 사랑
사랑해요 그대를
사랑해요 그대를
이 생명 다할 때까지
당신은 내사랑
그대는 나만의 사랑
그대는 나만의 행복
세월 가도 영원히
당신은 나만의 사랑
사랑해요 그대를
사랑해요 그대를
이 생명 다할 때까지
당신은 내 사랑
사랑해요 그대를
사랑해요 그대를
이 생명 다할 때까지
당신은 내 사랑",트로트
4,별빛 같은 나의 사랑아,"당신이 얼마나 내게
소중한 사람인지
세월이 흐르고 보니
이제 알 것 같아요
당신이 얼마나 내게
필요한 사람인지
세월이 지나고 보니
이제 알 것 같아요
밤하늘에 빛나는
별빛 같은 나의 사랑아
당신은 나의 영원한 사랑
사랑해요 사랑해요
날 믿고 따라준 사람
고마워요 행복합니다
왜 이리 눈물이 나요
밤하늘에 빛나는
별빛 같은 나의 사랑아
당신은 나의 영원한 사랑
사랑해요 사랑해요
날 믿고 따라준 사람
고마워요 행복합니다
왜 이리 눈물이 나요
왜 이리 눈물이 나요",트로트
5,니가 왜 거기서 나와 (Narr. 고은아),"어디야
집이야 피곤해서 일찍 자려구
아 그래 잠깐 볼랬더니
오늘 피곤했나 보네 언능 자
어 끊어
근데 니가
니가 왜 거기서 나와
니가 왜 거기서 나와
사랑을 믿었었는데
발등을 찍혔네
그래 너 그래 너 야 너
니가 왜 거기서 나와
피곤하다 하길래
잘자라 했는데
혹시나 아픈건가
걱정도 했는데
뭐하는데
여기서 뭐하는데
도대체
너네집은 연신내
난 지금 강남에
시끄런 클럽을
무심코 지나는데
이게 누구십니까
니가 왜 거기서 나와
니가 왜 거기서 나와
내 눈을 의심해보고
보고 또 보아도
딱봐도 너야
오마이 너야
니가 왜 거기서 나와
니가 왜 거기서 나와
사랑을 믿었었는데
발등을 찍혔네
그래 너 그래 너 야 너
이런건 사랑이 아냐
노는 남자 싫다매
술은 못한다매
그것 땜에 나는 다
끊어버렸는데
지금 넌 왜
혀가 꼬이는 건데
도대체
근데 지금 니 옆에
이 남잔 누군데
교회 오빠하고
클럽은 왜 왔는데
너네 집 불교잖아
니가 왜 거기서 나와
니가 왜 거기서 나와
내 눈을 의심해보고
보고 또 보아도
딱봐도 너야
오마이 너야
니가 왜 거기서 나와
니가 왜 거기서 나와
사랑을 믿었었는데
발등을 찍혔네
그래 너 그래 너 야너
이런건 사랑이 아냐
그래 너 그래 너 야너
니가 왜 거기서 나와",트로트
6,찐이야,"찐찐찐찐 찐이야 완전 찐이야
진짜가 나타났다 지금
찐찐찐찐 찐이야 완전 찐이야
찐하게 사랑할 거야
요즘 같이 가짜가 많은 세상에
믿을 사람 바로 당신 뿐
내 모든 걸 다 줘도 아깝지 않은
내 인생에 전부인 사람
끌리네 끌리네 자꾸 끌리네
쏠리네 쏠리네 자꾸 쏠리네
심장을 훔쳐간 사람
찐찐찐찐 찐이야 완전 찐이야
진짜가 나타났다 지금
찐찐찐찐 찐이야 완전 찐이야
찐하게 사랑할 거야
찐이야
요즘 같이 가짜가 많은 세상에
믿을 사람 바로 당신 뿐
내 모든 걸 다 줘도 아깝지 않은
내 인생에 전부인 사람
끌리네 끌리네 자꾸 끌리네
쏠리네 쏠리네 자꾸 쏠리네
심장을 훔쳐간 사람
찐찐찐찐 찐이야 완전 찐이야
진짜가 나타났다 지금
찐찐찐찐 찐이야 완전 찐이야
찐하게 사랑할 거야
찐하게 찐하게 찐하게 찐하게
찐하게 사랑할 거야",트로트
7,어느 60대 노부부이야기,"곱고 희던 그 손으로
넥타이를 메어주던 때
어렴풋이 생각나오
여보 그 때를 기억하오
막내아들 대학 시험
뜬 눈으로 지새던 밤들
어렴풋이 생각나오
여보 그 때를 기억하오
세월은 그렇게 흘러
여기까지 왔는데
인생은 그렇게 흘러
황혼에 기우는데
큰 딸아이 결혼식 날
흘리던 눈물 방울이
이제는 모두 말라
여보 그 눈물을 기억하오
세월은 그렇게 흘러
여기까지 왔는데
인생은 그렇게 흘러
황혼에 기우는데
세월은 그렇게 흘러
여기까지 왔는데
인생은 그렇게 흘러
황혼에 기우는데
다시 못 올 그 먼 길을
어찌 혼자 가려하오
여기 날 홀로 두고
여보 왜 한마디 말이 없소
여보 안녕히 잘 가시게
여보 안녕히",트로트
8,다시 사랑한다면 (김필 Ver.),"다시 태어난다면 다시 사랑한다면
그때는 우리 이러지 말아요
조금 덜 만나고 조금 덜 기대하며
많은 약속 않기로 해요
다시 이별이 와도 서로 큰 아픔 없이
돌아설 수 있을 만큼
버려도 되는 가벼운 추억만
서로의 가슴에 만들기로 해요
이젠 알아요 너무 깊은 사랑은
외려 슬픈 마지막을 가져 온다는 걸
그대여 빌게요 다음 번의 사랑은
우리 같지 않길 부디 아픔이 없이
나
꼭 나보다 더 행복해져야만 해
많은 시간이 흘러 서로 잊고 지내도
지난 날을 회상하며
그 때도 이건 사랑이었다고
말할 수 있다면 그걸로 된 거죠
이젠 알아요 너무 깊은 사랑은
외려 슬픈 마지막을 가져 온다는 걸
그대여 빌게요 다음 번의 사랑은
우리 같지 않길 부디 아픔이 없이
이젠 알아요 영원할 줄 알았던
그대와의 사랑마저 날 속였다는 게
그보다 슬픈 건 나 없이 그대가
행복하게 지낼 먼 훗날의 모습
나
내 마음을 하늘만은 알기를",트로트
9,초혼,"살아서는 갖지 못하는
그런 이름 하나 때문에
그리운 맘 눈물 속에
난 띄워 보낼 뿐이죠
스치듯 보낼 사람이
어쩌다 내게 들어와
장미의 가시로 남아서
날 아프게 지켜보네요
따라가면 만날 수 있나
멀고 먼 세상 끝까지
그대라면 어디라도
난 그저 행복할 테니

살아서는 갖지 못하는
그런 이름 하나 때문에
그리운 맘 눈물 속에
난 띄워 보낼 뿐이죠
스치듯 보낼 사람이
어쩌다 내게 들어와
장미의 가시로 남아서
날 아프게 지켜보네요
따라가면 만날 수 있나
멀고 먼 세상 끝까지
그대라면 어디라도
난 그저 행복할 테니
난 너무 행복할 테니",트로트
10,진또배기,"어 허야듸야 허야듸야
어 허야듸야 허야듸야
허야듸야
어촌마을 어귀에 서서
마을에 평안함을 기원하는
진또배기 진또배기 진또배기
오리 세마리 솟대에 앉아
물 불 바람을 막아주는
진또배기 진또배기 진또배기
모진 비바람을 견디며
바다의 심술을 막아주고
말없이 마을을 지켜온
진또배기 진또배기
어허 허야듸야
풍어와 풍년을 빌면서
일년내내 기원하는
진또배기 진또배기
진또배기 진또배기
어 허야듸야 허야듸야
허야듸야 허야듸야
배띄워라 노를 저어라
파도가 춤을 춘다 노래한다
진또배기 진또배기
진또배기 진또배기
어허 허야듸야
허야듸야 허야듸야 얼 쑤",트로트
11,바램,"내 손에 잡은 것이 많아서
손이 아픕니다
등에 짊어진 삶의 무게가
온 몸을 아프게 하고
매일 해결해야 하는 일 때문에
내 시간도 없이 살다가
평생 바쁘게 걸어 왔으니
다리도 아픕니다
내가 힘들고 외로워 질 때
내 얘길 조금만 들어 준다면
어느 날 갑자기 세월의 한복판에
덩그러니 혼자 있진 않겠죠
큰 것도 아니고 아주 작은 한 마디
지친 나를 안아 주면서
사 랑 한 다
정말 사랑 한다는
그 말을 해 준다면
나는 사막을 걷는다 해도
꽃길이라 생각 할 겁니다
우린 늙어가는 것이 아니라
조금씩 익어가는 겁니다
우린 늙어가는 것이 아니라
조금씩 익어가는 겁니다
저 높은 곳에 함께 가야 할 사람
그대 뿐입니다",트로트
12,뱃놀이,"어기야 디여차
따뜻하게 입어라 신경 쓰이니까
오다 주웠다 받아 별거 아니니까
툭하고 던진 맘에 올라가는 입가
거친 내 매력에 너 납치된 거야
어머 어머 뭐니
어쩜 이렇게 좋니
흔들흔들 어질하도록
너를 격하게 아껴줄 테니 내게 맡겨
우리는 운명인 거야
나만의 님이 돼주오
떠가는 저 배 위에
함께 노닐 나의 님이 돼주오
저 푸른 바다 위에
어기야 디여차
사랑하는 나의 님과
어기야 디여 어기여차
뱃놀이 가잔다
영차 영차 노를 젓자 젓자
가자 가자 저 바다로 가자
저 달님이 부르는
우리의 노랫말은
물결 위에 뿌려져
물비늘 되는구나
어머 어머 뭐니
어쩜 이렇게 좋니
흔들흔들 어질하도록
너를 격하게 아껴줄 테니 내게 맡겨
우리는 운명인 거야
나만의 님이 돼주오
떠가는 저 배 위에
함께 노닐 나의 님이 돼주오
저 푸른 바다 위에
어기야 디여차
사랑하는 나의 님과
어기야 디여 어기여차
뱃놀이 가잔다
노을 진 하늘을 지나
휘영청 밝은 그 달이
걸린 밤하늘을 바라보다
해가 뜨는 새벽에도 우린 함께
그대여 나의 님이 되어 주오
그대의 님이 나 되게 해 주오
거친 바람이 불어도
지켜 줄 수 있게
나만의 님이 돼주오
떠가는 저 배 위에
함께 노닐 나의 님이 돼주오
저 푸른 바다 위에
어기야 디여차
사랑하는 나의 님과
어기야 디여 어기여차
뱃놀이 가잔다
어야 디여 (어야 디여)
어야 디여 (어야 디여)
닻을 올려 노를 저어서 가자
어야 디여 (어야 디여)
어야 디여 (어야 디여)
뱃놀이 가잔다",트로트
13,서울의 달,"서울 살이 타향살이 고달픈 날에
울 엄마가 생각이 난다
조물조물 무쳐주신 나물반찬에
된장찌개 먹고 싶구나
겁도 없이 떠나온 머나먼 길에
보고 싶은 내 고향 눈에 밟힌다
언젠가 서울에 가서 성공을 해서
돌아온다 약속했는데
세상에 울고 웃다가 바쁘다 보니
꿈에서나 갈 수 있구나
서울의 달 바라보면서
우 우우우 우우우우우 우우 우우우
우 우우우 우우우우우
우우 우 우우우
서울 살이 타향살이 외로운 날에
울 엄마가 보고 싶구나
차 창가에 부딪치는 달빛을 보며
엄마소원 빌어도 본다
겁도 없이 떠나온 머나먼 길에
남쪽바다 내 고향 눈에 밟힌다
언젠가 서울에 가서 성공을 해서
돌아온다 약속했는데
세상에 울고 웃다가 바쁘다 보니
꿈에서나 갈 수 있구나
언젠가 서울에 가서 성공을 해서
돌아온다 약속했는데
손 편지 한 장 갖고는 너무 모자란
내인생의 일기를 쓴다
서울의 달 바라보면서
우 우우우 우우우우우 우우 우우우
바라보면서",트로트
14,목포행 완행열차,"목포행 완행열차
마지막 기차 떠나가고
늦은 밤 홀로 외로이
한잔 술에 몸을 기댄다
우리의 사랑은 이제
여기까지가 끝인가요
우리의 짧은 인연도
여기까지가 끝인가요
잘가요 인사는 못해요
아직 미련이 남아서
언젠가 우리 다시 만나는 그날
그냥 편히 웃을 수 있게
우리의 사랑은 이제
여기까지가 끝인가요
우리의 짧은 인연도
여기까지가 끝인가요
잘가요 인사는 못해요
아직 미련이 남아서
언젠가 우리 다시 만나는 그날
그냥 편히 웃을 수 있게
그냥 편히 안을 수 있게",트로트
15,시절인연 (時節因緣),"사람이 떠나간다고
그대여 울지 마세요
오고 감 때가 있으니
미련일랑 두지 마세요
좋았던 날 생각을 하고
고마운 맘 간직을 하며
아아아 살아가야지
바람처럼 물처럼
가는 인연 잡지를 말고
오는 인연 막지 마세요
때가 되면 찾아올 거야
새로운 시절인연
친구가 멀어진다고
그대여 울지 마세요
영원한 것은 없으니
이별에도 웃어주세요
좋았던 날 생각을 하고
고마운 맘 간직을 하며
아아아 살아가야지
바람처럼 물처럼
가는 인연 잡지를 말고
오는 인연 막지 마세요
때가 되면 찾아올 거야
새로운 시절인연
새로운 시절인연
사람이 떠나간다고
그대여 울지 마세요",트로트
16,HERO,"세상이란 장애물이 너의
앞길을 가로막을 때 날 봐
언제나 너의 곁엔 내가 있어
불안 따윈 1도 없을 테니
이렇게 always always
내가 너를 지켜줄게
나를 믿고 가 오
거친 세상이지만
나를 믿고 가 오
나와 함께라면 ready to go
창밖으로 비쳐오는 태양
시시각각 바뀌는 구름의 모양
공기를 가르며 와닿는
바람의 향기가 느껴지니
이렇게 always always
내가 너를 지켜줄 테니
나를 믿고 가 오
거친 세상이지만
나를 믿고 가 오
나와 함께라면 ready to go
Let's go go right away right away
When we go go go far away far away
참 다행이지 나의 옆이 너라서
내 어깨에 기대어
손을 꼭 잡고 같이
어디로든 가자
나를 믿고 가 오
거친 세상이지만
나를 믿고 가 오
나와 함께라면 ready to go
Let's go go right away right away
When we go go go far away far away",트로트
17,사랑아,"안돼요 안돼 날 두고 떠나면 안돼
그렇게 못해 난 절대 보낼 순 없어
갈테면 가라 모든 걸 잊고 떠나봐
그땐 뒤돌아서 후회를 할꺼야

희미한 기억속에 너의 이름 불러도
다신 볼 수 없던 사랑한 사람
사랑아 나를 두고 떠나 가지마
나만 두고 가려거든 다신 나를 찾지마

언젠가 그대 나를 찾는다 해도
그땐 내가 먼저 뒤돌아서 그댈 볼 수 없으니

안돼요 안돼 날 두고 떠나면 안돼
그렇게 못해 난 절대 보낼 순 없어
갈테면 가라 모든 걸 잊고 떠나봐
그땐 뒤돌아서 후회를 할꺼야

희미한 기억속에 너의 이름 불러도
다신 볼 수 없던 사랑한 사람
사랑아 나를 두고 떠나 가지마
나만 두고 가려거든 다신 나를 찾지마

언젠가 그대 나를 찾는다 해도
그땐 내가 먼저 뒤돌아서 그댈 볼 수 없으니 -",트로트
18,막걸리 한잔,"막걸리 한 잔
온 동네 소문 났던 천덕꾸러기
막내아들 장가가던 날
앓던 이가 빠졌다며 덩실 더덩실
춤을 추던 우리 아버지
아버지 우리 아들 많이 컸지요
인물은 그래도 내가 낫지요
고사리 손으로
따라주는 막걸리 한잔
아버지 생각나네
황소처럼 일만 하셔도
살림살이는 마냥 그 자리
우리 엄마 고생시키는
아버지 원망했어요
아빠처럼 살긴 싫다며
가슴에 대못을 박던
못난 아들을 달래주시며
따라주던 막걸리 한잔
따라주던 막걸리 한잔
황소처럼 일만 하셔도
살림살이는 마냥 그 자리
우리 엄마 고생시키는
아버지 원망했어요
아빠처럼 살긴 싫다며
가슴에 대못을 박던
못난 아들을 달래주시며
따라주던 막걸리 한잔
따라주던 막걸리 막걸리 한잔",트로트
19,오늘 밤에,"오늘 밤에 아무도 모르게
너랑 둘이서 둘이서 사랑을 할거야
오늘 밤에 아무도 모르게
뚜뚜 뚜루 뚜뚜 뚜두르
이 밤이 무서워 난 네가 없으면
내 곁에 좀 더 머물러요
리듬 속 너와 내가 춤을 출 때면
그 순간이 행복할거야
Baby 너랑 나랑
우리 둘이 영원하도록
사랑의 맹세를 난 약속할거야
오늘 밤에 아무도 모르게
너랑 둘이서 둘이서 사랑을 할거야
오늘 밤에 아무도 모르게
둘이서 하는 불장난
후우 후우 후우
뚜뚜 뚜루 뚜뚜 뚜두르
사랑이 뭐냐고 물어보신다면
나의 대답은 말해 뭐해
불타는 마음으로 지켜줄거야
당신만이 곁에 있다면
Baby 너랑 나랑
우리 둘이 영원하도록
사랑의 맹세를 난 약속할거야
오늘 밤에 아무도 모르게
너랑 둘이서 둘이서 사랑을 할거야
오늘 밤에 아무도 모르게
뚜뚜 뚜루 뚜뚜 뚜두르
꿈이라면 깨지 않게 해줘
떠나가지마 가지마 가지마 가지마
오늘 밤에 아무도 모르게
둘이서 하는 불장난
후우 후우 후우
뚜뚜 뚜루 뚜뚜 뚜두르",트로트
20,잊었니,"잊었니 날 잊어버렸니
그 수많은 추억들은 잊어버렸니
가슴은 널 향해 팔 벌려
오늘도 간신히 버티고 있는데
추억이 점점 빛 바래가면
너와 거닐던 길에 우두커니 서
지우고 또 지우려 해도
네 숨결 목소리가 귓가에 들려
잊었니 날 잊어버렸니
아직 난 널 기다리잖아
사랑이 또 울고 있잖아
가슴엔 늘 눈물이 고여
지워도 자꾸 지우려 해도
그대 얼굴이 자꾸 떠오르네요
잊었니 날 잊어버렸니
아직 난 널 기다리잖아
사랑이 또 울고 있잖아
가슴엔 늘 눈물이 고여
잊었니 날 잊어버렸니
아직 난 널 기다리잖아
사랑이 또 울고 있잖아
가슴엔 늘 눈물이 고여
지워도 자꾸 지우려 해도
그대 얼굴이 자꾸 떠오르네요
지워도 자꾸 지우려 해도
그대 얼굴이 자꾸 떠오르네요
그대 얼굴이 자꾸 떠오르네요",트로트
21,돼지토끼,"넌 돼끼돼끼해 또 말랑말랑해
니 냄새까지 너무나 사랑스러워
눈이 안보이게 웃으면
심장이 아프잖아
넌 토끼시끼해 또 뽀실뽀실해
니 뱃살까지 너무나 사랑스러워
젤리 같은 너 마냥 소중해
영원히 안아줄게
비 맞지마 두피 멍들라
내가 구름도 가려줄게
제발 밤에는 집에만 있어
번쩍번쩍 빛이 나니까
바람 불면 나가지도 마
날아갈리 없겠지만은
혹시나 고운 피부
바람에 아파할까 봐
넌 돼끼돼끼해 또 말랑말랑해
니 냄새까지 너무나 사랑스러워
눈이 안보이게 웃으면
심장이 아프잖아
넌 토끼시끼해 또 뽀실뽀실해
니 뱃살까지 너무나 사랑스러워
젤리 같은 너 마냥 소중해
영원히 안아줄게
늙어지면 지리산 가자
때론 많이 외롭겠지만
흑염소 키우면서
우리 둘이서 살까 봐
넌 돼끼돼끼해 또 말랑말랑해
니 냄새까지 너무나 사랑스러워
눈이 안보이게 웃으면
심장이 아프잖아
넌 토끼시끼해 또 뽀실뽀실해
니 뱃살까지 너무나 사랑스러워
젤리 같은 너 마냥 소중해
영원히 안아줄게
넌 그대로면 돼 또 있어주면 돼
내 목숨까지 다해서 사랑해 줄게
너를 만난 건 신의 한수야
하늘에 감사할게",트로트
22,전복 먹으러 갈래,"전복 먹으러 갈래
서해안 고속도로 타고
완도 앞 바다로
나랑 같이 가볼래
슬쩍 기대도 돼
내 팔을 어깨 위에 두르고
저 구름 따라
지금 떠나볼래
어느새 바닷바람 시원하게 불어 오잖아
좋아
걱정은 마 오늘은 내가 책임진다
진짜야
너에게 좋은 것만 주고픈 마음 알까
전복 먹으러 갈래
할 일은 내일로 다 미루고
이 기분 따라
훌쩍 떠나볼래
가자
조개구이 먹으러 갈래
가까운 오이도도 좋아
까먹기 번거로우면
뭐 찜도 괜찮아
아님 뭐든 어때
랍스타 장어 새우 대게
둘이서 간다면
난 어디든 좋아
어느새 바닷바람 시원하게 불어 오잖아
좋아
걱정은 마 오늘은 내가 책임진다
진짜야
너에게 좋은 것만 주고픈 마음 알까
진짜로 좋은 것만 주고픈 마음 알까
소주도 한잔 할래
안주가 끝내주잖아
이거 마시면 우리
사귀는 거다",트로트
23,한잔해,"한잔해 한잔해 한잔해
갈때까지 달려보자 한잔해
오늘밤 너와 내가 하나되어
달려 달려 달려 달려
한잔해 한잔해 한잔해
갈때까지 달려보자 한잔해
내가 쏜다 한잔해
월요일은 원래 먹는 날
화요일은 화가 나니까
숙취에 한잔
목이 말라 한잔
금요일은 불금 이니까
밤새도록 한잔 어때요
한잔해 한잔해 한잔해
갈때까지 달려보자 한잔해
오늘밤 너와 내가 하나되어
달려 달려 달려 달려
한잔해 두잔해 세잔해
갈때까지 달려보자 한잔해
내가 쏜다 한잔해
삼겹살에 한잔 때리자
치킨에다 한잔 때리자
두부김치 해물파전
시원한 한잔 주세요
밤새도록 한잔 어때요
한잔해 한잔해 한잔해
갈때까지 달려보자 한잔해
오늘밤 너와 내가 하나되어
달려 달려 달려 달려
한잔해 두잔해 세잔해
갈때까지 달려보자 한잔해
내가 쏜다 한잔해
한잔해 한잔해 한잔해
갈때까지 달려보자 한잔해
오늘밤 너와 내가 하나되어
달려 달려 달려 달려
한잔해 두잔해 세잔해
갈때까지 달려보자 한잔해
내가 쏜다 한잔해",트로트
24,아모르 파티,"산다는게 다 그런거지
누구나 빈손으로와
소설같은 한 편의 얘기들을
세상에 뿌리며 살지
자신에게 실망 하지마
모든걸 잘할 순 없어
오늘보다 더 나은 내일이면 돼
인생은 지금이야 아모르파티
인생이란 붓을 들고서
무엇을 그려야 할지
고민하고 방황하던
시간이 없다면 거짓말이지
말해뭐해 쏜 화살처럼
사랑도 지나 갔지만
그 추억들 눈이 부시면서도
슬펐던 행복이여
나이는 숫자 마음이
진짜 가슴이 뛰는 대로 가면돼
이제는 더이상 슬픔이여 안녕
왔다갈 한번의 인생아
연애는 필수 결혼은 선택
가슴이 뛰는대로 가면 돼
눈물은 이별의 거품일 뿐이야
다가올 사랑은 두렵지 않아
아모르 파티 아모르파티
말해뭐해 쏜 화살처럼
사랑도 지나 갔지만
그 추억들 눈이 부시면서도
슬펐던 행복이여
나이는 숫자 마음이
진짜 가슴이 뛰는 대로 가면돼
이제는 더이상 슬픔이여 안녕
왔다갈 한번의 인생아
연애는 필수 결혼은 선택
가슴이 뛰는대로 가면 돼
눈물은 이별의 거품일 뿐이야
다가올 사랑은 두렵지 않아
아모르 파티 아모르파티
아모르 파티",트로트
25,누나가 딱이야,"남자답게 책임질게
내겐 딱 딱 누나가 딱이야
풋내 나는 풋사과보다
새빨간 사과가 더 좋아
지독한 사랑에 아파본
누나라서 난 좋아
어디까지 헤메이다가
얼마만큼 울다 왔는지
과건 묻지 않을 테니까
내 품에 편히 쉬어
누나가 딱이야
내 품에 딱이야
오늘부터 우린 자기야
남자답게 책임질게
나만 믿고 따라와
누나가 딱이야
내 눈에 딱이야
오늘부터 우린 짝이야
못이긴 척 안겨줄래
내겐 딱 딱 누나가 딱이야
남자답게 책임질게
내겐 딱 딱 누나가 딱이야
까분다고 코웃음치곤
은근슬쩍 기대는 여우
내 눈에는 너무 귀여워
깨물어주고 싶은 걸
별을 따달라면 따줄게
달을 따오라면 따올게
어리다고 얕보지마라
놓치면 후회할 걸
누나가 딱이야
내 품에 딱이야
오늘부터 우린 자기야
남자답게 책임질게
나만 믿고 따라와
누나가 딱이야
내 눈에 딱이야
오늘부터 우린 짝이야
못이긴 척 안겨줄래
내겐 딱 딱 누나가 딱이야
누나가 딱이야
내 품에 딱이야
오늘부터 우린 자기야
남자답게 책임질게
나만 믿고 따라와
누나가 딱이야
내 눈에 딱이야
오늘부터 우린 짝이야
못이긴 척 안겨줄래
내겐 딱 딱
넌 내가 딱이야",트로트
26,여백,"얼굴이 잘생긴 사람은
늙어 가는 게 슬프겠지
아무리 화려한 옷을 입어도
저녁이면 벗게 되니까
내 손에 주름이 있는 건
길고 긴 내 인생에 훈장이고
마음에 주름이 있는 건
버리지 못한 욕심에 흔적
청춘은 붉은 색도 아니고
사랑은 핑크빛도 아니더라
마음에 따라서 변하는
욕심 속 물감의 장난이지
그게 인생인거야
전화기 충전은 잘 하면서
내 삶은 충전하지 못하고 사네
마음에 여백이 없어서
인생을 쫓기듯 그렸네
청춘은 붉은 색도 아니고
사랑은 핑크빛도 아니더라
마음에 따라서 변하는
욕심 속 물감의 장난이지
그게 인생인거야
전화기 충전은 잘 하면서
내 삶은 충전하지 못하고 사네
마음에 여백이 없어서
인생을 쫓기듯 그렸네
마지막 남은 나의 인생은
아름답게 피우리라",트로트
27,한량가 (Hallyang-ga),"지덩기당징 울려라
거문고 소리
이 한밤을 멋으로 채워라

달빛이 좋구나
예서 놀아보자
오늘은 네가 내 각시로구나

더덩지덩~

거문고 가락에 취하고
어스름 달빛에 취한다
대장부 인생 무엇이 더 필요하랴

그 누가 세월을 붙잡아
천년을 살까
어찌 이 밤 놀지 않으랴
한량아~

지덩기당징 울려라
거문고 소리
이 한밤을 흥으로 채워라

꽃잎이 곱구나
예서 취해보자
세월의 곤함을 풀어나 보자

더덩지덩~

부귀와 영화가 덧없고
흐르는 강물이 덧없다
대장부 인생 무엇이 더 아쉬우랴

그 누가 세월을 붙잡아
천년을 살까
어찌 이 밤 놀지 않으랴

거문고 가락에 취하고
어스름 달빛에 취한다
대장부 인생 무엇이 더 필요하랴
그 누가 세월을 붙잡아
천년을 살까
어찌 이 밤 놀지 않으랴
한량아~",트로트
28,참 좋은 날,"유난히 힘이 들던 날 꽃이 되어
별이 되어 내게로 다가온 당신
소리 내어 울고 싶던 날 운명처럼
연인처럼 내게 온 선물
그대 없인 나도 없었고
그대 있어 나도 있네요
꿈을 꾸듯 그대와 걸어갈게요
하늘까지 저 구름까지
참 좋은 날 그 어느 날 우리 만난 날
또 시련이 우릴 막을지라도
우리 밝게 빛날 그 날에 두 손 꼭 잡고
함께 걸어갈게요
우리 그렇게 약속해
그대 없인 숨 쉴 수 없고
그대 있어 내가 사네요
평생토록 그대만 지켜줄게요
해가 되어 저 달이 되어
참 좋은 날 그 어느 날 우리 만난 날
또 시련이 우릴 막을지라도
우리 밝게 빛날 그 날에
두 손 꼭 잡고 함께 걸어갈게요
우리 그렇게 약속해
수많은 계절들이 피고 또 저물어가도
그대만 영원히 내 사랑인 걸요
참 좋은 날 그 멋진 날 눈부신 그날에
가슴 아린 슬픔은 모두 잊어버려요
우리 함께 웃을 수 있게
그대 손 절대 놓치지 않을게요
내가 그댈 지킬게요 참 좋은 날입니다",트로트
29,18세 순이,"살구꽃이 필때면
돌아온다던
내 사랑 순이는
돌아올줄 모르고
서쪽하늘 문틈새로
새어드는 바람에
떨어진 꽃냄새가
나를 울리네
가야해 가야해
나는 가야해
순이 찾아 가야해
가야해 가야해
나는 가야해
순이 찾아 가야해
누가 이런 사랑을
본적이 있나요
나이는 18세
이름은 순이
살구꽃이 필때면
돌아온다던
내 사랑 순이는
돌아올줄 모르고
서쪽하늘 문틈새로
새어드는 바람에
떨어진 꽃냄새가
나를 울리네
가야해 가야해
나는 가야해
순이 찾아 가야해
가야해 가야해
나는 가야해
순이 찾아 가야해
가야해 가야해
나는 가야해
순이 찾아 가야해
가야해 가야해
나는 가야해
순이 찾아 가야해
누가 이런 사랑을
본적이 있나요
나이는 18세
이름은 순이
나이는 18세
이름은 순이",트로트
30,메밀꽃 필무렵,"내가 얼마나 외롭게 했는지
꿈에 한 번 나오질 않아
비 내린 강가에 연어 떼처럼
돌이킬 수 없는 내 사랑
내가 얼마나 힘들게 했는지
그대 울던 모습만 남아
소란한 밤 사이 별똥별처럼
내 마음에 콕 박힌 당신
새끼손가락 걸고 영원을 약속했던
내 사랑은 지금 어디에
슬픈 초승달이 기울면
하얀 메밀꽃길 따라서
그댈 찾아 떠나가겠소
처음 가는 세상 나 길 잃을지 모르니
그대가 꼭 마중나와주오
그대 떠나던 그 날의 아침은
귀뚜라미마저 조용해
떠나는 발소리 하나 없었던
마지막 내 당신의 모습
새끼손가락 걸고 영원을 약속했던
내 사랑은 지금 어디에
슬픈 초승달이 기울면
하얀 메밀꽃길 따라서
그댈 찾아 떠나가겠소
처음 가는 세상 나 길 잃을지 모르니
그대가 꼭 마중나와주오
그대가 꼭 마중나와주오",트로트
31,보라빛 엽서,"보라빛 엽서에 실려온 향기는
당신의 눈물인가 이별의 마음인가
한숨속에 묻힌 사연 지워 보려 해도
떠나 버린 당신 마음 붙잡을 수 없네
오늘도 가버린 당신의 생각엔
눈물로 써 내려간 얼룩진 일기장엔
다시 못 올 그대 모습 기다리는 사연
오늘도 가버린 당신의 생각에
눈물로 써 내려간 얼룩진 일기장엔
다시 못 올 그대 모습 기다리는 사연
오늘도 가버린 당신의 생각에
눈물로 써 내려간 얼룩진 일기장엔
다시 못 올 그대 모습 기다리는 사연
다시 못 올 그대 모습 기다리는 사연",트로트
32,힘을 내세요,"오늘따라 유난히 힘이 드나요
사는 게 어려운가요
복잡하게 생각할 필요 없어요
금방 지나갈 거니까요
돈 때문에 머리가 복잡한가요
뜻대로 되지 않나요
그깟 걱정도 언젠가 지나간대요
툭툭 모두 다 털어버려요
인생이 다 거기서 거긴 거죠
그렇게 걱정 말아요
살다 보면 좋은 날이 와요
모두 다 힘을 내세요
힘을 내세요 힘을 내세요
아무리 힘이 들어도
언젠가 쨍하고 해 뜰 날이 와요
오늘도 힘을 내세요
힘이 들 땐 술 한잔하면 어때요
사는 게 별거 있나요
한잔하면 유난히 보고 싶겠죠
함께 울고 웃던 친구가
나만 빼고 모두 다 잘 살아 보여
너무나 부러운가요
하지만 다 힘들었던 사연은 있죠
그리 부러워하지 말아요
인생이 다 거기서 거긴 거죠
그렇게 걱정 말아요
살다 보면 좋은 날이 와요
모두 다 힘을 내세요
힘을 내세요 힘을 내세요
아무리 힘이 들어도
언젠가 쨍하고 해 뜰 날이 와요
오늘도 힘을 내세요
힘을 내세요 힘을 내세요
아무리 힘이 들어도
언젠가 쨍하고 해 뜰 날이 와요
오늘도 힘을 내세요
모두 다 힘을 내세요",트로트
33,사랑 참,"잡힐 듯 잡히지 않는
사랑이 너무 아쉬워
다가가면 더 멀어지는
사랑 참 힘드네요
보일 듯 보이지 않는
사랑이 너무 아파서
시린 가슴 애써 달래도
사랑 참 힘드네요
참을 만해요 괜찮아요
힘들면 좀 어때요
사랑을 잃은 아픔보다
참는 게 더 쉬워요
들리나요 사랑아
내 슬픈 사랑아
보이나요 사랑아
내 아픈 사랑아
참을 만해요 괜찮아요
힘들면 좀 어때요
사랑을 잃은 아픔보다
참는 게 더 쉬워요
들리나요 사랑아
내 슬픈 사랑아
보이나요 사랑아
내 아픈 사랑아
사랑 참 힘드네요",트로트
34,옆집누나,"옆집 누나랍니다
얼굴도 마음씨도 착한
알고 보면 정도 많고
귀여운 여자랍니다
울적하다면 와요
집에 놀러 와요
라면 끓여줄게요
고민 있다면 와요
소주 한잔하며
뭐든지 다 들어줄게
날 보러 와요
보고 싶을 땐
날 보러 와요
누나가 생각날 땐 언제든
옆집 누나랍니다
얼굴도 마음씨도 착한
알고 보면 정도 많고
귀여운 여자랍니다
어디 아프면 와요
누나 손은 약손
내가 호 해줄게요
외로울 때면 와요
아무 때나 좋아
내가 곁에 있어줄게
오오 날 보러 와요
보고 싶을 땐
오오 날 보러 와요
누나가 생각날 땐 언제든
옆집 누나랍니다
얼굴도 마음씨도 착한
알고 보면 정도 많고
귀여운 여자랍니다
이쁜 누나랍니다
볼수록 매력 있는 여자
성격 하난 끝내주는
옆집 누나랍니다
다 주고 싶어 모두 주고 싶어
당신 향한 내 마음
나에게 와요 오늘 밤에 와요
내가 안아줄게요
착한 누나랍니다
영원히 변치 않을 여자
당신만을 사랑하는
당신의 여자랍니다
옆집 누나랍니다",트로트
35,이불,"도닥도닥 내 사람아
오늘 하루 어찌 보냈소
걸음걸음 걸음걸음이
힘겨웠다 말도 못 하고
찬비 맞아 시려운
달빛마저 무거운
그저 몸을 뉘고 싶을 때
나는 그대 이불이 되어
아픈 마음 덮어 주겠소
이젠 나의 품에 안기어
좋은 꿈만 꾸길 바라오
도닥도닥 내 사람아
고운 꿈만 꾸길 바라오
이리저리 부는 바람에
휘청이며 걸어왔구려
그대 혼자 외로이
어둔 밤에 쓸쓸히
눈물 속에 잠을 청할 때
나는 그대 이불이 되어
아픈 마음 덮어 주겠소
이젠 나의 품에 안기어
좋은 꿈만 꾸길 바라오
나의 품에 안기어
고운 꿈만 꾸길
바라오
도닥도닥 내 사람아
당신 옆엔 내가 있다오",트로트
36,갈색우산 (Brown Umbrella),"비에 젖은 눈빛이
말없이 돌아선다
한 걸음도 못 떼고
멍하니 바라본다

갈색 우산을 쓰고 있던
희미한 당신의 뒷모습
이 시간이 지나고 나면
나는 어디로 가야 하나

제발 떠나지 마요 우산 속 그대여
비가 그치고 나면 난 어떡해
보고 싶은 마음이 갈 길을 잃어
갈색 우산 속의 그대여

따뜻했던 손끝이
힘없이 놓아진다
이렇게도 간절한
내 마음 외면한다

갈색 우산을 쓰고 있던
희미한 당신의 뒷모습
이 시간이 지나고 나면
나는 어디로 가야 하나

제발 떠나지 마요 우산 속 그대여
비가 그치고 나면 난 어떡해
보고 싶은 마음이 갈 길을 잃어
갈색 우산 속의 그대여

그대 떠나지 마요 날 버리지 마요
비가 그치고 나면 난 어떡해
돌아서는 발길이 갈 곳을 잃어
갈색 우산 속의 그대여
갈색 우산 속의 그대여",트로트
37,편의점,"오늘 하루 길었다
퇴근길이 고되구나
맥주 한 캔 생각난다
편의점에 들러야지
밤새 환한 불빛 꺼지지 않는
날 반기는 저 간판
술이나 한잔하고 자야지
오늘도 고생 많았다
삼각김밥 라면 하나
사는 게 다 그런 거지
홀로 가는 내 인생 위로하네
우리 동네 편의점
사랑땜에 외롭고
돈 때문에 힘이 들 때
소주 한 잔 생각난다
편의점에 들러야지
밤새 환한 불빛 꺼지지 않는
날 반기는 저 간판
술이나 한잔하고 자야지
오늘도 고생 많았다
삼각김밥 라면 하나
사는 게 다 그런 거지
홀로 가는 내 인생 위로하네
우리 동네 편의점
삼각김밥 라면 하나
사는 게 다 그런 거지
홀로 가는 내 인생 위로하네
우리 동네 편의점
홀로 가는 내 인생 위로하네
우리 동네 편의점",트로트
38,테스형!,"어쩌다가 한바탕 턱 빠지게 웃는다
그리고는 아픔을 그 웃음에 묻는다
그저 와준 오늘이 고맙기는 하여도
죽어도 오고 마는 또 내일이 두렵다
아 테스형 세상이
왜 이래 왜 이렇게 힘들어
아 테스형 소크라테스형
사랑은 또 왜 이래
너 자신을 알라며 툭 내뱉고 간 말을
내가 어찌 알겠소 모르겠소 테스형
울 아버지 산소에 제비꽃이 피었다
들국화도 수줍어 샛노랗게 웃는다
그저 피는 꽃들이 예쁘기는 하여도
자주 오지 못하는 날 꾸짖는 것만 같다
아 테스형 아프다
세상이 눈물 많은 나에게
아 테스형 소크라테스형
세월은 또 왜 저래
먼저가본 저세상 어떤 가요 테스형
가보니까 천국은 있던 가요 테스형
아 테스형 아 테스형
아 테스형 아 테스형
아 테스형 아 테스형
아 테스형 아 테스형",트로트
39,끝사랑,"내가 이렇게 아픈데 그댄 어떨까요
원래 떠나는 사람이 더 힘든 법인데
아무 말하지 말아요 그대 마음 알아요
간신히 참고 있는 날 울게 하지 마요
이별은 시간을 멈추게 하니까
모든걸 빼앗고 추억만 주니까
아무리 웃어 보려고 안간힘 써 봐도
밥 먹다가도 울겠지만
그대 오직 그대만이
내 첫사랑 내 끝사랑
지금부터 달라질 수 없는 한 가지
그대만이 영원한 내 사랑 wah woo wah
그대도 나처럼 잘못했었다면
그 곁에 머물기 수월했을까요
사랑해 떠난다는 말 과분하다는 말
코웃음 치던 나였지만
그대 오직 그대만이
내 첫사랑 내 끝사랑
지금부터 그대 나를 잊고 살아도
그대만이 영원한 내 사랑
나는 다시는 사랑을 못할 것 같아요
그대가 아니면",트로트
40,고맙소,"이 나이 먹도록 세상을 잘 모르나 보다
진심을 다해도 나에게 상처를 주네
이 나이 먹도록 사람을 잘 모르나 보다
사람은 보여도 마음은 보이지 않아
이 나이 되어서 그래도 당신을 만나서
고맙소 고맙소 늘 사랑하오
술 취한 그날 밤 손등에 눈물을 떨굴 때
내 손을 감싸며 괜찮아 울어준 사람
세상이 등져도 나라서 함께 할거라고
등뒤에 번지던 눈물이 참 뜨거웠소
이 나이 되어서 그래도 당신을 만나서
고맙소 고맙소 늘 사랑하오
못난 나를 만나서
긴 세월 고생만 시킨 사람
이런 사람이라서 미안하고 아픈 사람
나 당신을 위해 살아가겠소
남겨진 세월도 함께 갑시다
고맙소 고맙소 늘 사랑하오",트로트
41,남자는 말합니다,"여행 갑시다
나의 여자여
하나 뿐인
나의 여자여
상처투성이
병이 들어 버린 당신
여행가서
낫게 하리다
나란 사람 하나만 믿고
같이 살아온
바보 같이
착한 사람아
남자는 말합니다
고맙구요 감사해요
오직 나만
아는 사람아
안아 봅시다
나의 여자여
하나 뿐인
나의 여자여
고운 얼굴에 쓰여진
슬픈 이야기
오늘 밤에
지워 봅시다
나란 사람 하나만 믿고
같이 살아온
바보 같이
착한 사람아
남자는 말합니다
고맙구요 감사해요
오직 나만
아는 사람아
나란 사람 하나만 믿고
같이 살아온
바보 같이
착한 사람아
남자는 말합니다
고맙구요 감사해요
오직 나만
아는 사람아
오로지 나만
아는 사람아",트로트
42,안동역에서,"1.바람에 날려버린 허무한 맹세였나

첫눈이 내리는 날 안동역 앞에서

만나자고 약속한사람

새벽부터 오는 눈이 무릎까지 덮는데

안오는 건지 못오는 건지 오지 않는 사람아

안타가운 내 마음만 녹고 녹는다

기적소리 끊어진 밤에

2.어차피 지워야할 사랑은 꿈이였나

첫눈이 내리는 날 안동역 앞에서

만나자고 약속한사람

새벽부터 오는눈이 무릎까지 덮는데

안오는 건지 못오는 건지 대답 없는 사람아

기다리는 내 마음만 녹고 녹는다

기다리는 내 마음만 녹고 녹는다

기다리는 안동역에서",트로트
43,그댈 만나러 갑니다,"꽃을 닮은 사람이에요
그대가 내 사랑입니다
꽃보다 더 아름다운
그댈 만나러 난 갑니다
별을 닮은 사람이에요
그대가 내 행복입니다
별보다 더 반짝이는
그댈 만나러 난 갑니다
아름다워요 내 삶이
그대가 있어 빛나요
아름다워요 내 사랑
내 생에 최고의 선물
이 세상에 오직 하나뿐
그대가 내 기적입니다
꽃보다 더 아름다운
그댈 만나러 난 갑니다
그대와 난 살고 싶어
그대 곁에 잠 들고 싶어
이 세상 다 주고 싶은
그댈 만나러 난 갑니다
아름다워요 내 삶이
그대가 있어 빛나요
아름다워요 내 사랑
내 생에 최고의 선물
이 세상에 오직 하나뿐
그대가 내 기적입니다
꽃보다 더 아름다운
그댈 만나러 난 갑니다
이 세상에 오직 하나
그댈 만나러 난 갑니다",트로트
44,딱! 풀,"붙어라 딱 붙어라 딱 붙어 있어라
딱 딱 딱 딱 딱 붙어 있어라
세월도 인생도 왔다가는 거야
아등바등 살 필요 없어
사랑에 배신당한 당신이라도
걱정 마라 지나갈 테니
아아아 아아 외로워 마라
당신 곁에 붙어 있을게
붙어라 딱 붙어라 딱 붙어 있어라
내 마음에 불을 붙여라
붙어라 딱 붙어라 딱 붙어 있어라
딱 딱 딱 딱 딱 붙어 있어라
붙어라 딱 붙어라 딱 붙어 있어라
딱 딱 딱 딱 딱 붙어 있어라
사랑도 우정도 왔다가는 거야
허전하면 채우면 되지
꽃피는 봄이 가고 추운 겨울 와도
걱정 마라 지나갈 테니
아아아 아아 힘겨워 마라
당신 곁에 붙어 있을게
붙어라 붙어라 붙어라 붙어라
붙어라 붙어라 붙어라
붙어라 딱 붙어라 딱 붙어 있어라
내 마음에 불을 붙여라
붙어라 딱 붙어라 딱 붙어 있어라
딱 딱 딱 딱 딱 붙어 있어라
딱 딱 딱 딱 딱 붙어 있어라",트로트
45,남자의 다짐,"나야 나야 그대 남자야
비바람에 당신 지킬 한 사람이야
마주보는 눈빛처럼 따뜻한 것이
남자의 가슴이야
묻지마라 사랑이란 게
이유가 어딨더냐
한 평생 당신을 사랑하자던
남자의 다짐 뿐이야
너야 너야 나의 여자야
거친 내 맘 잠재워줄 한 사람이야
소란한 밤 피어나는 달맞이 꽃은
당신의 얼굴이야
묻지마라 사랑이란 게
이유가 어딨더냐
한 평생 당신을 사랑하자던
남자의 다짐 뿐이야
한 평생 당신을 사랑하자던
남자의 다짐 뿐이야",트로트
46,계단말고 엘리베이터,"터벅터벅 그 걸음으로
어느 세월에 내게 오나요
저 푸른 하늘 새들처럼
날개를 달고 와야죠
이리저리 돌아보면서
어느 천년에 내게 오나요
더 늦기 전에 돌아와요
빨리빨리 오세요
사랑아 멀어진 나의 사랑아
내 님아 보고픈 나의 사람아
어 허야 내가 내가 간다
그리운 내 님 곁으로
늦기 전에 더 늦기 전에
계단 말고 엘리베이터
터벅터벅 그 걸음으로
어느 세월에 내게 오나요
저 푸른 하늘 새들처럼
날개를 달고 와야죠
이리저리 돌아보면서
어느 천년에 내게 오나요
더 늦기 전에 돌아와요
빨리빨리 오세요
사랑아 멀어진 나의 사랑아
내 님아 보고픈 나의 사람아
어 허야 내가 내가 간다
그리운 내 님 곁으로
늦기 전에 더 늦기 전에
계단 말고 엘리베이터
계단 말고 엘리베이터",트로트
47,오래된 노래,"오래 전에 함께 듣던 노래가
발걸음을 다시 멈춰서게 해
이 거리에서
너를 느낄 수 있어
널 이 곳에서
꼭 다시 만날 것 같아
너 일까봐 한번 더 바라보고
너 일까봐 자꾸 돌아보게 돼
어디선가 같은 노래를 듣고
날 생각하며
너 역시 멈춰있을까
오래 전에 함께 듣던 노래가
거리에서 내게
우연히 들려온 것처럼
살아가다 한번쯤
우연히 만날 것 같아
사랑했던 그 모습 그대로
내 사랑이
그대로인 것처럼
발걸음이 여길
찾는 것처럼
꼭 만날꺼야
지금 이 노래처럼
날 사랑하는 네 맘도
같을 테니까
오래 전에 함께 듣던 노래가
거리에서 내게
우연히 들려온 것처럼
살아가다 한번쯤
우연히 만날 것 같아
사랑했던 그 모습 그대로
운명처럼 아니면 우연처럼
우리가 다시 예전처럼
만날 수 있다면
너에게 나 해주고 싶은
말이 하나 있어
널 다시는 놓치지 않을께
오래 전에 함께 듣던 노래가
거리에서 내게
우연히 들려온 것처럼
살아가다 한번쯤
우연히 만날 것 같아
사랑했던 그 모습 그대로",트로트
48,산다는 건 (Cheer Up),"산다는 건 다 그런 거래요
힘들고 아픈 날도 많지만
산다는 건 참 좋은 거래요
오늘도 수고 많으셨어요
어떻게 지내셨나요
오늘도 한잔 걸치셨나요
뜻대로 되는 일 없어
한숨이 나도 슬퍼마세요
어느 구름속에
비가 들었는지 누가 알아
살다보면 나에게도
좋은 날이 온답니다
산다는 건 다 그런 거래요
힘들고 아픈 날도 많지만
산다는 건 참 좋은 거래요
오늘도 수고 많으셨어요
옆집이 부러운가요
친구가 요즘 잘나가나요
남들은 다 좋아 보여
속상해져도 슬퍼마세요
사람마다 알고 보면
말 못할 사연도 많아
인생이 별거 있나요
거기서 거기인거지
산다는 건 다 그런 거래요
힘들고 아픈 날도 많지만
산다는 건 참 좋은 거래요
오늘도 수고 많으셨어요
산다는 건 다 그런 거래요
세상일이란 알 수 없지만
산다는 건 참 멋진 거래요
모두가 내일도 힘내세요",트로트
49,고맙소,"이 나이 먹도록
세상을 잘 모르나 보다
진심을 다해도 나에게 상처를 주네
이 나이 먹도록
사람을 잘 모르나 보다
사람은 보여도 마음은 보이질 않아
이 나이 되어서 그래도
당신을 만나서
고맙소 고맙소 늘 사랑하오
술 취한 그날 밤 손등에
눈물을 떨굴 때
내 손을 감싸며 괜찮아 울어준 사람
세상이 등져도 나라서
함께 할 거라고
등 뒤에 번지던 눈물이 참 뜨거웠소
이 나이 되어서
그래도 당신을 만나서
고맙소 고맙소 늘 사랑하오
못난 나를 만나서
긴 세월 고생만 시킨 사람
이런 사람이라서 미안하고
아픈 사람
나 당신을 위해 살아가겠소
남겨진 세월도 함께 갑시다
고맙소 고맙소 늘 사랑하오
늘 사랑하오
고맙소 고맙소 늘 사랑하오",트로트
50,바람의 노래,"살면서 듣게될까 언젠가는
바람에 노래를
세월가면 그때는 알게될까
꽃이지는 이유를
나를 떠난 사람들과 만나게될
또 다른 사람들
스쳐가는 인연과 그리움은
어느곳으로 가는가
나의 작은 지혜로는 알수가 없네
내가 아는건 살아가는 방법뿐이야
보다 많은 실패와 고뇌의 시간이
비켜갈 수 없다는 걸 우린 깨달았네
이제 그 해답이 사랑이라면
나는 이 세상 모든 것들을 사랑하겠네

나를 떠난 사람들과 만나게될
또다른 사람들
스쳐가는 인연과 그리움은
어느 곳으로 가는가
나의 작은 지혜로는 알수가 없네
내가 아는건 살아가는 방법뿐이야
보다 많은 실패와 고뇌의 시간이
비켜갈 수 없다는 걸 우린 깨달았네
이제 그 해답이 사랑이라면
나는 이 세상 모든 것들을 사랑하겠네

보다 많은 실패와 고뇌의 시간이
비켜갈 수 없다는 걸 우린 깨달았네
이제 그 해답이 사랑이라면
나는 이 세상 모든 것들을 사랑하겠네
나는 이 세상 모든 것들을 사랑하겠네
이 세상 모든것들을 사랑하겠네",트로트
51,잘생기면 다 오빠,"웃어요 날 보며 웃어요
좋아요 기분이 좋아요
잘생기면 다 오빠
오빠 오빠야
나이가 뭐 중요한가요
그대만 행복하면 돼요
멋있으면 다 오빠 오빠
하루 중에 몇 번이나 웃고 사나요
하늘 한 번 올려다볼 틈도 없지요
웃어야지 복이 온대요
Ha! Ha! Ha! Ha! 따라 해봐요
찡그린 얼굴 활짝 펴봐요
난 그대의 연예인 그대의 스타
그댈 위해 노래할 거야
웃어요 날 보며 웃어요
좋아요 기분이 좋아요
잘생기면 다 오빠
오빠 오빠야
나이가 뭐 중요한가요
그대만 행복하면 돼요
멋있으면 다 오빠 오빠
다 오빠야
하루 종일 정신없이 바쁘다가도
천근만근 몸도 맘도 무겁다가도
피로가 싹 날아갈 거야
La! La! La! La! 콧노랠 불러
내 얼굴 보면 절로 힘이 나
난 그대의 비타민, 해피 바이러스
그댈 위해 노래할 거야
웃어요 날 보며 웃어요
좋아요 기분이 좋아요
잘생기면 다 오빠
오빠 오빠야
나이가 뭐 중요한가요
그대만 행복하면 돼요
멋있으면 다 오빠 오빠
다 오빠야
웃어요 날 보며 웃어요
좋아요 기분이 좋아요
잘생기면 다 오빠
오빠 오빠야
나이가 뭐 중요한가요
그대만 행복하면 돼요
멋있으면 다 오빠 오빠
다 오빠야",트로트
52,진짜 사나이,"나처럼 잘생긴 남자 봤나요
커피 한잔할까요
잠깐 여기 와봐 베니스로
매일이 주인공이죠
로맨스 일품 매너 일등
사계절이 꽃향기 나지
좀 더 가까이 와 볼래요
마법 좀 걸게요
나는야 사나이 사나이 바로 나야
하늘도 저 별도 다 내 거
당신께 줄게 Hey
모두 다 줄게 Hey
난 진짜 사나이
옷도 완벽하게 잘 입는 나야
고급 진 남자 맞죠?
자꾸 딴 데 보면 나 화나요
당신은 내 여자니까
말솜씨 일품 센스 일등
별에서 본 풍경일 거야
알잖아 세상 남자 모아봐
나만 한 놈 있나
나는야 사나이 사나이 바로 나야
하늘도 저 별도 다 내 거
당신께 줄게 Hey
모두 다 줄게 Hey
난 진짜 사나이
딱 봐도 인기 남이잖아
다시없을 기회잖아
빨리 날 잡을 생각하세요
대기번호 너무 많아요
나는야 사나이 사나이 바로 나야
하늘도 저 별도 다 내 거
당신께 줄게 Hey
모두 다 줄게 Hey
난 진짜 사나이
당신은 그대로 꼼짝 마 체포한다
이 남자의 맘 훔친 죄로
구속합니다 Hey
동의합니까 Hey
날 믿고 따라와
난 진짜 사나이",트로트
53,평행선,"나는 나밖에 모르고
너는 너밖에 모르고
그래서 우리는
똑같은 길을 걷지 평행선
나는 나밖에 몰랐지
너는 너밖에 몰랐지
그래서 우리는
만날 수 없는 거야 평행선
아직 사랑하고 있는데
서로 바라보고 싶은데
나는 다가서지 못하고
다른 길을 가고 있어
우리 서로 다시 만날 수 없는가
캄캄한 미로를 헤매이네
우리 서로 사랑할 수는 없는가
끝없는 평행선 걷고 있네
나는 나밖에 모르고
너는 너밖에 모르고
그래서 우리는
똑같은 길을 걷지 평행선
나는 나밖에 몰랐지
너는 너밖에 몰랐지
그래서 우리는
만날 수 없는 거야 평행선
아직 사랑하고 있는데
서로 바라보고 싶은데
나는 다가서지 못하고
다른 길을 가고 있어
우리 서로 다시 만날 수 없는가
캄캄한 미로를 헤매이네
우리 서로 사랑할 수는 없는가
끝없는 평행선 걷고 있네",트로트
54,잘가요 내사랑,"오늘이 지나가면 우리는
다시는 볼 수 없겠죠
서로를 가슴속에 묻고서
또 하루 살아가겠죠
미안해요
잘해주지 못해서
나 때문에 고생만 해서
잘 가요 내 사랑
이젠 아프지 마요
잘 가요 내 사랑
다신 울지도 마요
그리워 그리워
너무 그리울 때면
눈물 한 방울로 잊어요
나나나나
나나나나
잊진 않을게요
나나나나
나나나나
잘 가요 내 사랑
비좁은 내 안에서 살면서
얼마나 힘들었나요
시간을 돌릴 수만 있다면
조금 더 사랑할 텐데
고마워요 이 못난 날 만나서
좋은 추억 만들어줘서
잘 가요 내 사랑
이젠 아프지 마요
잘 가요 내 사랑
다신 울지도 마요
그리워 그리워
너무 그리울 때면
눈물 한 방울로 잊어요
사랑해 사랑해
아껴둔 이 한마디
그댈 만나 행복했어요
나나나나
나나나나
잊진 않을게요
나나나나
나나나나
잘 가요 내 사랑",트로트
55,메밀꽃 필 무렵 (Piano Ver.),"내가 얼마나 외롭게 했는지
꿈에 한 번 나오지 않아
비 내린 강가에 연어 떼처럼
돌이킬 수 없는 내 사랑
내가 얼마나 힘들게 했는지
그대 울던 모습만 남아
소란한 밤사이 별똥별처럼
내 마음에 콕 박힌 당신
새끼손가락 걸고 영원을 약속했던
내 사랑은 지금 어디에
슬픈 초승달이 기울면
하얀 메밀 꽃길 따라서
그댈 찾아 떠나가겠소
처음 가는 세상 나 길 잃을지 모르니
그대가 꼭 마중 나와주오
그대 떠나던 그 날의 아침은
귀뚜라미마저 조용해
떠나는 발소리 하나 없었던
마지막 내 당신의 모습
새끼손가락 걸고 영원을 약속했던
내 사랑은 지금 어디에
슬픈 초승달이 기울면
하얀 메밀 꽃길 따라서
그댈 찾아 떠나가겠소
처음 가는 세상 나 길 잃을지 모르니
그대가 꼭 마중 나와주오
그대가 꼭 마중 나와주오",트로트
56,보릿고개,"아야
뛰지마라
배 꺼질라
가슴시린 보릿고갯길
주린 배잡고
물 한바가지
배 채우시던
그 세월을
어찌 사셨소
초근목피에
그 시절 바람결에
지워져 갈 때
어머님 설움
잊고 살았던
한 많은 보릿고개여
풀피리 꺾어 불던
슬픈 곡조는
어머님의 한숨이었소
아야 우지마라
배 꺼질라
가슴시린 보릿고갯길
주린배 잡고
물 한바가지
배 채우시던
그 세월을
어찌 사셨소
초근목피에
그 시절 바람결에
지워져 갈 때
어머님 설움
잊고 살았던
한 많은 보릿고개여
풀피리 꺾어 불던
슬픈 곡조는
어머님의
한숨이었소
풀피리 꺾어 불던
슬픈 곡조는
어머님의
통곡이었소",트로트
57,내 이름 아시죠,"어두운 그 길을
어찌 홀로 가나요
새들도 나무들도
슬피 우는 밤
조심 조심 가세요
넘어지면 안돼요
달님이 그 먼길을
지킬겁니다
내 이름 아시죠
한 글자 한 글자
지어주신 이름
내 이름 아시죠
가시다가 외로울 때
불러주세요
길 잃으면 안돼요
꿈에 한 번 오세요
잘 도착했다 말해요
조심조심 가세요
넘어지면 안돼요
달님이 그 먼길을
지킬겁니다
내 이름 아시죠
한 글자 한 글자
지어주신 이름
내 이름 아시죠
가시다가 외로울 때
불러주세요
길 잃으면 안돼요
꿈에 한 번 오세요
잘 도착했다 말해요
길 잃으면 안돼요
꿈에 한 번 오세요
잘 도착했다 말해요",트로트
58,홍시,"생각이 난다 홍시가 열리면
울 엄마가 생각이 난다
자장가 대신 젖가슴을 내주던
울 엄마가 생각이 난다
눈이 오면 눈맞을 세라
비가 오면 비젖을 세라
험한 세상 넘어질 세라
사랑 땜에 울먹일 세라
그리워진다 홍시가 열리면
울 엄마가 그리워진다
눈에 넣어도 아프지도 않겠다던
울 엄마가 그리워진다
생각이 난다 홍시가 열리면
울 엄마가 생각이 난다
회초리 치고 돌아 앉아 우시던
울 엄마가 생각이 난다
바람 불면 감기들 세라
안먹어서 약해 질 세라
힘든 세상 뒤쳐질 세라
사랑 땜에 아파 할 세라
그리워진다 홍시가 열리면
울 엄마가 그리워진다
생각만 해도 눈물이 핑도는
울 엄마가 그리워진다
생각만 해도 가슴이 찡하는
울 엄마가 그리워진다
울 엄마가 생각이 난다
울 엄마가 보고파진다",트로트
59,그 중에 그대를 만나,"그렇게 대단한 운명까진
바란적 없다 생각했는데
그대 하나 떠나간 내 하룬 이제
운명이 아님 채울 수 없소
별처럼 수 많은 사람들
그 중에 그대를 만나
꿈을 꾸듯 서롤 알아보고
주는 것 만으로 벅찼던
내가 또 사랑을 받고
그 모든건 기적이었음을
그렇게 어른이 되었다고
자신한 내가 어제같은데
그대라는 인연을 놓지 못하는
내 모습 어린아이가 됐소
별처럼 수 많은 사람들
그 중에 그대를 만나
꿈을 꾸듯 서롤 알아보고
주는 것 만으로 벅찼던
내가 또 사랑을 받고
그 모든건 기적이었음을
나를 꽃처럼 불러주던
그대 입술에 핀 내 이름
이제 수많은 이름들
그 중에 하나되고
오 그대의 이유였던
나의 모든 것도 그저 그렇게
별처럼 수 많은 사람들
그 중에 서로를 만나
사랑하고 다시 멀어지고
억겁의 시간이 지나도
어쩌면 또다시 만나
우리 사랑 운명이었다면
내가 너의 기적이었다면",트로트
60,잘가라,"잘 가라 나를 잊어라
이까짓 거 사랑 몇 번은 더 할 테니
알잖아 내가 뒤끝이 좀 짧아서
알잖아 내가 너 말고도 님이 많아서
난 싫어 간질간질 거리는 이별
이 맘 때쯤 때쯤 흐르는 눈물
할 만큼 했잖아 미련이 없잖아
짠짠 짜잔 짠
잘 가라 나를 잊어라
이까짓 거 사랑 몇 번은 더 할 테니
잘 가라 돌아보지 말아라
여기서 난 안녕 멀리 안 나갈 테니
울지 마라
알잖아 내가 깔끔한 게 좋아서
혹시나 하는 맘에 하는 얘기인 거야
비라도 부슬부슬 오는 늦은 밤
술이 한 잔 두 잔 들어가는 밤
혀 꼬인 말투로 전화하지 마라
짠짠 짜잔 짠
잘 가라 나를 잊어라
이까짓 거 사랑 몇 번은 더 할 테니
잘 가라 돌아보지 말아라
여기서 난 안녕 멀리 안 나갈 테니
잘 가라 나를 잊어라
이까짓 거 이별 몇 번은 더 할 테니
잘 가라 돌아보지 말아라
여기서 난 안녕 멀리 안 나갈 테니
울지 마라 울지 마라 울지 마라",트로트
61,빗속에서,"비 내리는 거리에서
그대 모습 생각해
이룰 수 없었던 그대와 나의 사랑을
가슴깊이 생각하네
온종일 비 맞으며 그대 모습 생각해
떠나야 했나요 나의 마음
이렇게 빗속에 남겨두고
흐르는 눈물 누가 닦아주나요
흐르는 뜨거운 눈물
오가는 저 많은 사람들
누가 내 곁에 와줄까요
비 내리는 거리에서
그대 모습 생각해
이룰 수 없었던 그대와 나의 사랑을
가슴깊이 생각하네
흐르는 눈물 누가 닦아주나요
흐르는 뜨거운 눈물
오가는 저 많은 사람들
누가 내 곁에 와줄까요
비 내리는 거리에서
그대 모습 생각해
이룰 수 없었던 그대와 나의 사랑을
가슴깊이 생각하네
비 내리는 거리에서
그대 모습 생각해
이룰 수 없었던 그대와 나의 사랑을
가슴깊이 생각하네",트로트
62,바램,"바램

내 손에 잡은 것이 많아서
손이 아픕니다
등에 짊어진 삶의 무게가
온 몸을 아프게 하고
매일 해결해야 하는 일 때문에
내 시간도 없이 살다가
평생 바쁘게 걸어 왔으니
다리도 아픕니다
내가 힘들고 외로워 질 때
내 얘길 조금만 들어 준다면
어느 날 갑자기 세월의 한복판에
덩그러니 혼자 있진 않겠죠
큰 것도 아니고 아주 작은 한 마디
지친 나를 안아 주면서
사 랑 한 다
정말 사랑 한다는
그 말을 해 준다면
나는 사막을 걷는다 해도
꽃길이라 생각 할 겁니다
우린 늙어가는 것이 아니라
조금씩 익어가는 겁니다
내가 힘들고 외로워 질 때
내 얘길 조금만 들어 준다면
어느 날 갑자기 세월의 한복판에
덩그러니 혼자 있진 않겠죠
큰 것도 아니고 아주 작은 한 마디
지친 나를 안아 주면서
사 랑 한 다
정말 사랑 한다는
그 말을 해 준다면
나는 사막을 걷는다 해도
꽃길이라 생각 할 겁니다
우린 늙어가는 것이 아니라
조금씩 익어가는 겁니다
우린 늙어가는 것이 아니라
조금씩 익어가는 겁니다
저 높은 곳에 함께 가야 할 사람
그대 뿐입니다",트로트
63,사랑은 눈물의 씨앗 (2022 Ver.),"사랑이 무어냐고 물으신다면
눈물의 씨앗이라고 말하겠어요
먼 훗날 당신이
나를 버리진 않겠지요
서로가 헤어지면
모두가 괴로워서 울 테니까요
사랑이 무어냐고 물으신다면
눈물의 씨앗이라고 말하겠어요
먼 훗날 당신이
나를 버리진 않겠지요
서로가 헤어지면
모두가 괴로워서 울 테니까요
이별이 무어냐고 물으신다면
눈물의 씨앗이라고 대답할 테요
먼 훗날 당신이
나를 버리진 않겠지요
서로가 헤어지면
모두가 괴로워서 울 테니까요
울 테니까요",트로트
64,엄마아리랑,"엄마아리랑 아리랑
아리아리랑 아라리요
아들딸아 잘되거라
밤낮으로 기도한다
엄마 아리랑
사랑하는 내 아가야
보고싶다 우리 아가
천년만년 지지 않는 꽃이 피는구나
아 리 랑 아 리 랑
사랑 음 사랑 음 엄마 아리랑
아리아리랑 아라리요
쓰리쓰리랑 아라리요
우리 엄마 사랑은
아리랑 엄마 아리랑
엄마아리랑 아리랑
아리아리랑 아라리요
우리 엄마 무병장수
정성으로 기원하오
엄마 아리랑
사랑하는 내 어머니
보고싶소 울 어머니
서산마루 해가 지고 달이 뜨는구나
아 리 랑 아 리 랑
사랑 음 사랑 음 엄마아리랑
아리아리랑 아라리요
쓰리쓰리랑 아라리요
우리 엄마 사랑은 아리랑
엄마 아리랑
아 리 랑 아 리 랑
사랑 음 사랑 음
엄마 엄마
우리 어머니 아 리 랑
에야디야 에헤라디야디야
에야디야 에헤라디야디야
에야디야 에헤라디야디야
엄마 아리랑",트로트
65,미운 사랑,"남몰래 기다리다가
가슴만 태우는 사랑
어제는 기다림에
오늘은 외로움
그리움에 적셔진 긴 세월
이렇게 살라고 인연을 맺었나
차라리 저 멀리 둘 걸
미워졌다고 갈 수 있나요
행여나 찾아 올까봐
가슴이 사랑을 잊지 못해
이별로 끝난다해도
그 끈을 놓을 순 없어
너와 난 운명인 거야
이렇게 살라고 인연을 맺었나
차라리 저 멀리 둘 걸
미워졌다고 갈 수 있나요
행여나 찾아 올까봐
가슴이 사랑을 잊지 못해
이별로 끝난다해도
그 끈을 놓을 순 없어
너와 난 운명인 거야
그 끈을 놓을 순 없어
너와 난 운명인 거야",트로트
66,사랑의 배터리,"나를 사랑으로 채워줘요
사랑의 밧데리가 다 됐나봐요
당신없인 못살아 정말 나는 못살아
당신은 나의 밧데리
얼짱이 아니라도 좋아요
몸짱이 아니라도 좋아요
나만을 위해줄 당신이
바로 내겐 짱이랍니다
한번 더 나를 안아주세요
가슴이 터지도록 안아주세요
사랑의 약발이 떨어졌나봐
당신이 필요해요
나를 사랑으로 채워줘요
사랑의 밧데리가 다 됐나봐요
당신없인 못살아 정말
나는 못살아
당신은 나의 밧데리
내겐 당신만이 전부에요
당신이 너무 좋아 완전 좋아요
하나뿐인 내사랑 둘도 없는 내 사랑
당신이 짱이랍니다
사랑을 가득넣어 주세요
가슴에 넘치도록 넣어주세요
사랑의 약발이 떨어졌나봐
나 지금 외로워요
나를 사랑으로 채워줘요
사랑의 밧데리가 다 됐나봐요
당신없인 못살아 정말 나는 못살아
당신은 나의 밧데리
내겐 당신만이 전부에요
당신이 너무 좋아 완전 좋아요
하나뿐인 내사랑 둘도 없는 내 사랑
당신이 짱이랍니다
아무리 힘든 날에도
당신만 있다면
힘들지 않아 나는 슬프지 않아
당신 곁이라면
내겐 당신만이 전부에요
당신이 너무 좋아 완전 좋아요
하나뿐인 내사랑 둘도 없는 내 사랑
당신이 짱이랍니다
당신이 짱이랍니다
당신이 짱이랍니다
사랑의 밧데리",트로트
67,물망초,"나를 잊지 말아요
꿈에서라도 그대
내 곁으로 올 순 없나요
같은 하늘 아래에
다시 볼 수 없어도
그대 나를 잊지 말아요
시린 바람이 불어오면
더욱 생각나는 사람
언제나 내 곁을 지켜주던
따스한 사람
정말로 사랑했는데 난
우리 참 행복했는데
그런 그대가 날 떠나요
이제 난 어떻게 하죠
나를 잊지 말아요
꿈에서라도 그대
내 곁으로 올 순 없나요
같은 하늘 아래에
다시 볼 수 없어도
그대 나를 잊지 말아요
정말로 사랑했는데 난
우리 참 행복했는데
어디서든 행복하세요
부탁 하나만 할게요
나를 잊지 말아요
꿈에서라도 그대
내 곁으로 올 순 없나요
같은 하늘 아래에
다시 볼 수 없어도
그대 나를 잊지 말아요
너무 보고 싶은데
너무 보고 싶은데
눈물로 하루를 보내요
같은 하늘 아래에
다시 볼 수 없어도
그댄 나를 잊지 말아요
그댈 많이 사랑했어요",트로트
68,꽃,"날 찾아 오신 내님 어서 오세요
당신을 기다렸어요
라이 라이야
어서오세요 당신의 꽃이 될래요
어디서 무엇하다 이제 왔나요
당신을 기다렸어요
라이 라이야
어서오세요 당신의 꽃이 될래요
사랑의 꽃씨를 뿌려 기쁨을 주고
서로 행복 나누면
니이 라이 라이 라이 라이야
당신은 나의 나무가 되고
니이 라이 라이 라이 라이야
나는 당신의 꽃이 될래요
날 찾아오신 내님 어서 오세요
당신을 기다렸어요
라이 라이야
어서오세요 당신의 꽃이 될래요
어디서 무엇하다 이제 왔나요
당신을 기다렸어요
라이 라이야
어서오세요 당신의 꽃이 될래요
사랑의 꽃씨를 뿌려 기쁨을 주고
서로 행복 나누면
니이 라이 라이 라이 라이야
당신은 나의 나무가 되고
니이 라이 라이 라이 라이야
나는 당신의 꽃이 될래요
나는 당신의 꽃이 될래요",트로트
69,사는 게 그런 거지,"빛나는 꿈을 안고
세상 위에 나섰건만
늦은 퇴근 차창에 기대어
피곤한 눈 감아본다
오늘을 산다는 것
고달프고 외로운 일
힘들어도 힘들다 못 하고
무얼 위해 달려가나
사는 게 그런 거지
맘대로 되진 않아
어떤 날은 무너졌다가
어떤 날은 웃었다가
사는 게 그런 거지
쉬운 게 하나 없어
세상살이란 게 그런 거더라
인생은 그런 거지
세상을 산다는 것
두렵고도 설레는 일
알 수 없는 내일의 끝에는
무엇이 날 기다리나
사는 게 그런 거지
맘대로 되진 않아
어떤 날은 무너졌다가
어떤 날은 웃었다가
사는 게 그런 거지
쉬운 게 하나 없어
세상살이란 게 그런 거더라
사는 게 힘겨워도
그래도 살아야지
이런 나를 믿고 기다린
내 사람이 있으니까
사는 게 그런 거지
그래서 사는 거지
다시 살게 하는 힘이 되더라
사랑은 그런 거지",트로트
70,어느날 문득,"어느 날 문득 돌아다보니
지나온 모든 게 다 아픔이네요
날 위해 모든 걸 다 버려야는데
아직도 내 마음 둘 곳을 몰라요
오늘도 가슴엔 바람이 부네요
마음엔 나도 모를 설움이 가득
어디로 갈까요 어떻게 할까요
아직도 내가 날 모르나봐요
언제쯤 웃으며 날 볼 수 있을까
언제쯤 모든 걸 다
내려놓을 수 있을까
그땐 왜 그랬을까 그땐 왜 몰랐을까
사랑에 이별이 숨어있는지
어느 날 문득 생각해 보니
내가 없으면 세상이 없듯이
날 위해 이제는 다 비워야는데
아직도 내가 날 모르나봐요
언제쯤 웃으며 날 볼 수 있을까
언제쯤 모든 걸 다
내려놓을 수 있을까
그땐 왜 그랬을까 그땐 왜 몰랐을까
사랑에 이별이 숨어있는지
어느 날 문득 생각해 보니
내가 없으면 세상이 없듯이
날 위해 이제는 다 비워야는데
아직도 내가 날 모르나봐요
아직도 내가 날 모르나봐요",트로트
71,당신이 좋아,"그대는 내 사랑
당신도 내 사랑
이 세상의 그 무엇도 쨉이 안되지
원앙이 따로 있나 우리가 원앙이지
환상의 해피한 원앙이지
아 꿀맛같은 그대 사랑에
내 인생을 걸었잖아
비가 와도 좋아 눈이 와도 좋아
바람 불어도 좋아
좋아좋아 당신이 좋아
그대는 내 운명
당신도 내 운명
하늘 아래 누가 와도 쨉이 안되지
그댄 꽃중에 꽃 당신은 불나비
환상의 해피한 꽃과 나비지
아 꿀맛같은 그대 사랑에
내 인생을 걸었잖아
비가 와도 좋아 눈이 와도 좋아
바람 불어도 좋아
좋아 좋아 당신이 좋아
아 꿀맛같은 그대 사랑에
내 인생을 걸었잖아
비가 와도 좋아 눈이 와도 좋아
바람 불어도 좋아
좋아 좋아 당신이 좋아
좋아 좋아 당신이 좋아",트로트
72,아지랑이꽃,"고운 님 건넨 아지랑이꽃
내 맘에 앉아 헤실거리네
노란 별 무리 밤하늘에 총총
내게 손짓하듯 반짝반짝 빛나면
따스한 봄 같은 그의 손을 잡고
둥실둥실 구름 위를 떠다니고파
님의 걸음 비추는 등대가 되리
달처럼 그 곁에 있으리
힘이 들고 지치면 내게 기대오
비가 오고 눈이 와도 언제나 지켜주리
고운 님 닮은 아지랑이꽃
내 맘에 가득 나풀거리네
닻이 없는 밤 배 그리움을 싣고
둥실둥실 그 꿈속을 떠다니고파
고운 님 닮은 아지랑이꽃
내 맘에 가득 나풀거리네
닻이 없는 밤 배 그리움을 싣고
둥실둥실 그 꿈속을 떠다니고파
님의 걸음 비추는 등대가 되리
달처럼 그 곁에 있으리
힘이 들고 지치면 내게 기대오
비가 오고 눈이 와도 언제나 지켜주리
고운 님 닮은 아지랑이꽃
내 맘에 가득 나풀거리네
따스한 봄 같은 그의 손을 잡고
둥실둥실 구름 위를 떠다니고파
닻이 없는 밤 배 그리움을 싣고
둥실둥실 그 꿈속을 떠다니고파",트로트
73,그 강을 건너지마오,"가지마오 가지를 마오
그강을 건너지마오
가려거든 가시려거든
이 언약 가져가시오
검은머리 파뿌리되는 날까지
지켜준다고
내손잡고 눈물로 맺은
언약을 잊지마시오
강물에 떠내려가는
마지막 꽃잎일새라
이손을 놓치못하오
님이여 움켜쥐시오
가지마오 가지를 마오
그강을 건너지마오
가려거든 가시려거든
이 언약 가져가시오
강물에 떠내려가는
마지막 꽃잎일새라
이손을 놓치못하오
님이여 움켜쥐시오
가지마오 가지를 마오
그강을 건너지마오
가려거든 가시려거든
이 언약 가져가시오
이 언약 가져가시오",트로트
74,사랑 너였니,"어느 날 내게 왔어 소나기처럼 왔어
그리고는 내 가슴 적셨어
갑자기 내게 왔어 한줄기 별빛 되어
그리고는 내 가슴 뛰게 했어
어린아이처럼 설레는 이 마음
도대체 나 지금 왜 이러는 걸까
사랑 너였니 내 가슴 뛰게 만든게
사랑 너였니 나 눈물 나게 하는게
빗물보다 별빛보다 나를 흠뻑 적신게
사랑 너였니 나의 참 사랑아
어린아이처럼 설레는 이 마음
도대체 나 지금 왜 이러는 걸까
사랑 너였니 내 가슴 뛰게 만든게
사랑 너였니 나 눈물 나게 하는게
빗물보다 별빛보다 나를 흠뻑 적신게
사랑 너였니 나의 참 사랑아
사랑 너였니 내 가슴 뛰게 만든게
사랑 너였니 나 눈물 나게 하는게
빗물보다 별빛보다 나를 흠뻑 적신게
사랑 너였니 나의 참 사랑아",트로트
75,사내,"큰 소리로 울면서 이 세상에 태어나
가진 것은 없어도 비굴하진 않았다
때론 사랑에 빠져 비틀댄 적 있지만
입술 한 번 깨물고 사내답게 웃었다
긴가민가하면서 조마조마하면서
설마설마하면서 부대끼며 살아온
이 세상을 믿었다 나는 나를 믿었다
추억 묻은 친구야 물론 너도 믿었다
벌거벗은 몸으로 이 세상에 태어나
자랑할 건 없어도 부끄럽지도 않아
한 때 철없던 시절 방황한적 있지만
소주 한잔 마시고 사내답게 잊었다
긴가민가하면서 조마조마하면서
설마설마하면서 부대끼며 살아온
이 세상을 믿었다 나는 나를 믿었다
추억 묻은 친구야 물론 너도 믿었다
미련 같은 건 없다 후회 역시도 없다
사내답게 살다가 사내답게 갈 거다
사내답게 갈 거다",트로트
76,역쩐인생:가난한 남자,"돈 없다고 무시하지 마
사람일 아무도 몰라
돈 있다고 으시대지 마
뒤통수 맞을지 몰라
세상만사 다 그래도
나 만큼 이라도
그렇게 살지 말자
돈은 있다가도 없고
없다가도 있고
돌고 도는 인생
신나게 가즈아
힘차게 가즈아
한 번뿐인 인생
별거 없는 거야
맘껏 펼쳐봐
다 함께 웃자
더 크게 웃자
오늘도 가겠지만
내일이 오겠지만
역전 인생 기다려라
난 가난한 남자
아니 행복한 남자
돈 없다고 주눅 들지 마
실팬 성공의 어머니
돈 있다고 잘난 체 마라
내일은 아무도 몰라
세상만사 다 그래도
나 만큼 이라도
그렇게 살지 말자
돈은 있다가도 없고
없다가도 있고
돌고 도는 인생
신나게 가즈아
힘차게 가즈아
한 번뿐인 인생
별거 없는 거야
맘껏 펼쳐봐
다 함께 웃자
더 크게 웃자
오늘도 가겠지만
내일이 오겠지만
역전 인생 기다려라
난 가난한 남자
아니 행복한 남자
난난난난나난 난 정말 가난한 남자
아니아니 행복한 남자
난 가난한 남자",트로트
77,내 마음속 최고,"누가 뭐라 해도 최고 최고
내 마음속에 최고
세상만사 다 제쳐두고
어디든 부르면 달려갈 거야
이 세상에 하나뿐인 그대
내 마음속에 저장
언제나 그댄 내 마음속 최고야
좋은 날 제일 먼저 생각나는 사람
맛있는 거 먹을 때 떠오르는 그 사람
만약에 그대가 없었더라면
난 어떻게 살았을까
그대가 있어서 참 다행이야
온 세상이 그대 향기로 가득 차고
나도 따라 덩실덩실 춤을 추고
언제나 그대는 영원한 기쁨이야
지금도 난 그댈 생각해
누가 뭐라 해도 최고 최고
내 마음속에 최고
세상만사 다 제쳐두고
어디든 부르면 달려갈 거야
이 세상에 하나뿐인 그대
내 마음속에 저장
언제나 그댄 내 마음속 최고야
눈 뜨면 제일 먼저 생각나는 사람
내 눈앞에 없으면 걱정되는 한 사람
언제나 내 곁에 있어 준다면
난 뭐든지 할 수 있어
그대가 있어서 참 고마워요
온 세상이 그대 향기로 가득 차고
나도 따라 덩실덩실 춤을 추고
언제나 그대는 영원한 기쁨이야
지금도 난 그댈 생각해
누가 뭐라 해도 최고 최고
내 마음속에 최고
세상만사 다 제쳐두고
어디든 부르면 달려갈 거야
이 세상에 하나뿐인 그대
내 마음속에 저장
언제나 그댄 내 마음속 최고야
누가 뭐라 해도 최고 최고
내 마음속에 최고
세상만사 다 제쳐두고
어디든 부르면 달려갈 거야
이 세상에 하나뿐인 그대
내 마음속에 저장
언제나 그댄 내 마음속 최고야
언제나 그댄 내 마음속 최고야",트로트
78,사랑찾아 인생찾아,"라라랄라 라라라라 랄라
라라라라 라라라랄라
사랑찾아 인생을 찾아
하루종일 숨이차게 뛰어다닌다
서울 하늘 하늘 아래서
내 꿈도 가까이 온다
사랑도 있고 우정도 있고
하늘 아래 살고 있고
저마다 다른 인생속에
또 하루를 바쁘게 산다
우리 인생 살다보면
힘든 날도 수없이 찾아오지만
사랑 하나 그 사랑 하나
찾으려고 몸부림치네
사랑찾아 인생을 찾아
하루종일 숨이차게 뛰어다닌다
서울 하늘 하늘 아래서
내 꿈도 가까이 온다
사랑을 알고 우정도 알고
정하나로 살고 있고
저마다 값진 인생속에
또 하루를 바쁘게 산다
우리 인생 살다보면
힘든 날도 수없이 찾아오지만
오늘보다 더 멋진 인생
찾기위해 몸부림치네
사랑 찾아 인생을 찾아
하루종일 숨이 차게 뛰어다닌다
서울 하늘 하늘 아래서
내 꿈도 가까이 온다
사랑찾아 인생을 찾아
지친 가슴 끌어안고 뛰어다닌다
서울 하늘 하늘 아래서
내 꿈도 가까이 온다",트로트
79,공,"살다보면 알게 돼 일러주진 않아도
너나 나나 모두 다 어리석다는 것을
살다보면 알게 돼 알면 웃음이 나지
우리 모두 얼마나 바보처럼 사는지
잠시 왔다가는 인생
잠시 머물다 갈 세상
백년도 힘든것을 천년을 살것처럼
살다보면 알게 돼 버린다는 의미를
내가 가진 것들이 모두 부질 없단 것을
띠리 띠리띠리리리 띠 띠리띠 띠리
띠리 띠리띠리리리 띠 리띠리 띠디디
살다보면 알게 돼 알고싶지 않아도
너나 나나 모두 다 미련하다는 것을
살다보면 알게 돼 알면 이미 늦어도
그런대로 살만한 세상이라는 것을
잠시 스쳐가는 청춘 훌쩍 가버린 세월
백년도 힘든 것을 천년을 살것 처럼
살다보면 알게 돼 비운다는 의미를
내가 가진 것들이
모두 꿈이였다는 것을
모두 꿈이였다는 것을
띠리 띠리띠리리 띠 띠리리리리
띠리 띠리띠리띠리
띠리리 리리리리리",트로트
80,7번국도,"해 뜨는 정동진에서 바닷길
7번국도 따라 끝이 없는 사랑 길
아프니까 사랑이랬지 잊으려
애를 쓰니 더 보고 싶더라
7번국도 바닷길 따라
끝없는 나의 사랑길
해 뜨는 정동진에서
뜨겁게 사랑도 했지
가다가 멈추어 보니
그때 그 포장마차
사연 많은 술 한 잔
무심한 갈매기 소리
내 마음 끼룩끼룩
보고 싶다 사랑아
해 뜨는 간절곶에서 바닷길
7번국도 따라 끝이 없는 사랑 길
해 뜨는 간절곶에서
뜨겁게 사랑도 했지
가다가 멈추어 보니
그때 그 포장마차
사연 많은 술 한 잔
무심한 갈매기 소리
내 마음 끼룩끼룩
보고 싶다 사랑아
무심한 갈매기 소리
내 마음 끼룩끼룩
보고 싶다 사랑아",트로트
81,주라주라,"입 닫고 지갑 한 번 열어주라
회식을 올 생각은 말아주라
주라주라주라 휴가 좀 주라
마라마라 야근하덜 말아라
낄낄빠빠 가슴에 새겨주라
칼퇴칼퇴칼퇴 집에 좀 가자
아 머리 좋아 대표 아니더냐
주라주라 카드 주라
오늘은 오늘은 소고기로
요미요미요미요미
야근할 생각은 마이소
오늘은 얼마 만에 하는
데이트 날인데
가족이라 하지 마이소
가족 같은 회사
내 가족은 집에 있어요
괜찮다 먼저 가라 말아주라
화장했는데 아프냐고 묻냐
주라주라주라 관심 좀 주라
마라마라 2차 오지 말아주라
간주 중에 멘트하지 말아라
간주점프 간주점프 제발 눌러주라
주라주라 법카 말고 개인카드 샥샥샤
오늘따라 말랐네요 대표 님
주라주라 보너스는 내 통장에 쏴쏴쏴
아 대표님 바지핏이 참 잘 어울려요
야근할 생각은 마이소
오늘은 얼마 만에 하는 데이트 날인데
가족이라 하지 마이소
가족 같은 회사 내 가족은 집에 있어요
가족 같은 회사 내 가족은 집에 있어요",트로트
82,보릿고개,"아야 뛰지마라
배 꺼질라
가슴 시린 보릿고개길
주린 배 잡고
물 한바가지
배 채우시던
그 세월을
어찌 사셨소
초근목피의
그시절 바람결에
지워져 갈 때
어머님 설움
잊고 살았던
한 많은 보릿고개여
풀피리 꺾어 불던
슬픈 곡조는
어머님의 한숨이었소
아야 우지마라
배 꺼질라
가슴 시린 보릿고개길
주린배 잡고
물 한바가지
배 채우시던
그 세월을
어찌 사셨소
초근목피의
그시절 바람결에
지워져 갈때
어머님 설움
잊고 살았던
한 많은 보릿고개여
풀피리 꺾어 불던
슬픈곡조는
어머님의
한숨이었소
풀피리 꺾어 불던
슬픈곡조는
어머님의
통곡이었소",트로트
83,무명배우,"사랑을 하죠
Melo 영화 뜨겁던 그 장면처럼
인생의 마지막 컷이 라도
나는 좋아요
사랑을 했죠
대본도 없이 울던 무명배우처럼
당신을 원망 안해요
사랑은 영화니까
사랑이 사랑을 사랑하면
저 별처럼 빛날까요
아름 다웠던 추억
기억 모두 다 영원히
한방 울 또 한 방울 눈물이
흘러 내리죠
나 슬퍼서 아냐 행복해서 울죠
안아줘요 나를 날 많이 사랑하나요
당신의 품 안에선 나는 주연배우
사랑을 해요
Melo 영화 무명배우로 산대도
당신을 원망 안해요
사랑은 영화니까
사랑이 사랑을 사랑하면
저 별처럼 빛날까요
아름 다웠던 추억
기억 모두 다 영원히
한방 울 또 한 방울 눈물이
흘러 내리죠
나 슬퍼서 아냐 행복해서 울죠
안아줘요 나를 날 많이 사랑하나요
당신의 품 안에선 나는 주연배우
당신의 품 안에선 나는 주연배우",트로트
84,사랑이 좋아,"사랑이 좋아 가슴 아파도
누가 뭐래도 난 당신이 최고야
인생이 힘들어도
세상이 날 속여도
난 당신 밖에 없어요
인생이 나를 울게 한대도
당신이 나를 또 웃게 만드니까
다시 힘을 내야지
다시 일어서야지
이게 바로 인생 아닐까
비바람 몰아쳐도 당신이 있고
길 잃어 헤멜 때도 당신이 있어
나는 알아 나는 알아
당신이 내게 전부라는 걸
돈이 없어도 내겐 당신이 있고
친구들 날 떠나도 당신이 있어
난 알아 나는 알아
당신 없으면 나는 못살아
사랑이 좋아 가슴 아파도
누가 뭐래도 난 당신이 최고야
인생이 힘들어도
세상이 날 속여도
난 당신 밖에 없어요
인생이 나를 울게 한대도
당신이 나를 또 웃게 만드니까
다시 힘을 내야지
다시 일어서야지
이게 바로 인생아닐까
슬플 때 내 곁에는 당신이 있고
기쁠 때 웃을 때도 당신이 있어
난 알아 나는 알아
당신 없으면 나는 못살아
사랑이 좋아 가슴 아파도
누가 뭐래도 난 당신이 최고야
인생이 힘들어도
세상이 날 속여도
난 당신 밖에 없어요
인생이 나를 울게 한대도
당신이 나를 또 웃게 만드니까
다시 힘을 내야지
다시 일어서야지
이게 바로 인생 아닐까",트로트
85,꿈,"화려한 도시를
그리며 찾아왔네
그 곳은 춥고도 험한곳
여기저기 헤매다
초라한 문턱에서
뜨거운 눈물을 먹는다
머나먼 길을 찾아 여기에
꿈을 찾아 여기에
괴롭고도 험한 이 길을 왔는데
이 세상 어디가 숲인지
어디가 늪인지
그 누구도 말을 않네
사람들은 저마다
고향을 찾아가네
나는 지금 홀로 남아서
빌딩속을 헤매다
초라한 골목에서
뜨거운 눈물을 먹는다
저기 저 별은 나의 마음 알까
나의 꿈을 알까
괴로울 땐 슬픈 노래를 부른다
슬퍼질 땐 차라리 나홀로
눈을 감고 싶어
고향의 향기 들으면서
저기 저 별은 나의 마음 알까
나의 꿈을 알까
괴로울 땐 슬픈 노래를 부른다
이 세상 어디가 숲인지
어디가 늪인지
그 누구도 말을 않네
슬퍼질 땐 차라리 나홀로
눈을 감고 싶어
고향의 향기 들으면서
고향의 향기 들으면서",트로트
86,어려도 알 건 알아요,"어리게 보지 말아요
어리숙하지 않아요
니가 인생을 아냐 얕보지 마요
나 어려도 알 건 다 알아요
나 때가 있었잖아요
근데 왜 몰라요
당신이 또 무슨 걱정하는지
나 어려도 알 건 다 알아요
평생을 배워도 다 못 배우는 게 인생
기억할게요
나도 당신께 청해봐도 될까요
우리 철들어도 철부지같이 살아요
한숨 쉬는 만큼 하하 웃으며 살아요
삼시 세끼 먹어도 세상 나일 먹어도
꿈만은 나이 먹지 말아요
어리게 보지 말아요
나 순진하진 않아요
알면 얼마나 아냐 깔보지 마요
나 어려도 알 건 다 알아요
착각 붙들어 매세요
착하진 않아요
그래도 그 선은 넘지 않아요
나 어려도 알 건 다 알아요
평생을 배워도 다 못 배우는 게 인생
기억할게요
나도 당신께 청해봐도 될까요
우리 철들어도 철부지같이 살아요
한숨 쉬는 만큼 하하 웃으며 살아요
삼시 세끼 먹어도 세상 나일 먹어도
꿈만은 나이 먹지 말아요
우리 철들어도 철부지같이
한숨 쉬는 만큼 하하 웃으며
삼시 세끼 먹어도 세상 나일 먹어도
꿈만은 나이 먹지 말아요
꿈만은 나이 먹지 말아요",트로트
87,그런 사람 또 없습니다,"천번이고 다시 태어난 데도
그런 사람 또 없을테죠
슬픈 내 삶을 따뜻하게 해준
참 고마운 사람입니다
그런 그댈 위해서 나의 심장 쯤이야
얼마든 아파도 좋은데
사랑이란 그 말은 못해도
먼 곳에서 이렇게
바라만 보아도
모든걸 줄 수 있어서
사랑할 수 있어서
난 슬퍼도 행복 합니다
나 태어나 처음 가슴 떨리는
이런 사랑 또 없을테죠
몰래 감추듯 오랜 기억속에
단 하나의 사랑입니다
그런 그댈 위해서 아픈 눈물쯤이야
얼마든 참을수 있는데
사랑이란 그 말은 못해도
먼 곳에서 이렇게 바라만 보아도
모든 걸 줄 수 있어서
사랑할 수 있어서
난 슬퍼도 행복합니다
아무것도 바라지 않아도
그대 웃어준다면 난 행복할텐데
사랑은 주는거니까 그저 주는거니까
난 슬퍼도 행복합니다",트로트
88,너라고 부를게,"너라고 부를게
오늘부터 내 여자니까
네 이름 부를게
누난 너무 예쁘니까
너라고 부를게
오늘부터 내 여자니까
네 이름 부를게
누난 너무 예쁘니까
하늘의 별도 달도 따줄게
매일 널 웃게 만들어줄게
누가 뭐래도 너라고 부를게
눈을 뜨면 생각나는 한 사람
꿈에서도 보이는 사람
이게 사랑인가 봐
가슴이 떨리잖아
못 참겠어 이제부터 나
너라고 부를게
오늘부터 내 여자니까
네 이름 부를게
누난 너무 예쁘니까
하늘의 별도 달도 따줄게
매일 널 웃게 만들어줄게
누가 뭐래도 너라고 부를게
좋은 날엔 함께 기뻐해 주고
슬픈 날엔 울어준 사람
이게 사랑인가 봐
가슴이 떨리잖아
못 참겠어 이제부터 나
너라고 부를게
오늘부터 내 여자니까
네 이름 부를게
누난 너무 예쁘니까
하늘의 별도 달도 따줄게
매일 널 웃게 만들어줄게
누가 뭐래도 너라고 부를게
영원히 내 품 안에서 My love
평생을 너만 사랑해줄게
오늘부터 나 너라고 부를게",트로트
89,태클을 걸지마,"지금부터 뛰어
앞만 보고 뛰어

어떻게 살았냐고 묻지를 마라
이리 저리 살았을꺼라
착각도 마라
그래 한때 삶에 무게
견디지 못해
긴 세월 방황 속에
청춘을 묻었다
어허허 어허허
속절 없는 세월
탓해서 무얼해
되돌릴 수 없는 인생인 것을
지금부터 뛰어
앞만 보고 뛰어
내 인생에 태클을 걸지마

지금부터 뛰어
앞만 보고뛰어

어떻게 살았냐고 묻지를 마라
이리 저리 살았을꺼라
착각도 마라
그래 한때 삶에 무게
견디지 못해
긴 세월 방황 속에
청춘을 묻었다
어허허 어허허
속절 없는 세월
탓해서 무얼해
되돌릴 수 없는 인생인 것을
지금부터 뛰어
앞만 보고뛰어
내 인생에 태클을 걸지마
속절 없는 세월
탓해서 무얼해
되돌릴 수 없는 인생인 것을
지금부터 뛰어
앞만 보고뛰어
내 인생에 태클을 걸지마
내 인생에 태클을 걸지마",트로트
90,나는 남자다,"오늘 하루 또 무사히
세상이라는 전쟁터에
부대끼면서 생존한다
그게 오늘의 내 임무다
간다 어제도 그랬듯이
오늘 또 하루 시작한다
내가 그동안 같이 못간 세상과
다시 마주친다
난 나를 다시 툭 내려놓는다
내일을 위해 오늘을 사는 거다
오늘 하루 또 무사히
세상이라는 전쟁터에
부대끼면서 생존한다
그게 오늘의 내 임무다
간다 세상아 내가 간다
오늘 난 나를 찾을 거다
온다 사랑이 내게 온다
다시 가슴이 터질 것 같다
내가 그동안 아껴왔던 사랑을
이젠 다 줄 거다
난 나를 다시 툭 내려 놓는다
내일을 위해 오늘을 사는 거다
오늘 하루 또 무사히
세상이라는 전쟁터에
부대끼면서 생존한다
그게 오늘의 내 임무다
온다 사랑이 내게 온다
내가 그토록 기다리던
오늘 하루 또 무사히
세상이라는 전쟁터에
부대끼면서 생존한다
그게 오늘의 내 임무다
간다 세상아 내가 간다
나는 화끈한 남자다
나는 화끈한 남자다",트로트
91,이정표,"맴돌다 가는 사랑처럼
맴돌다 가는 인생처럼
돌고 도는 쳇바퀴처럼 헤매다
이정표 없는 거리만 떠도네
이제는 잊은 거겠죠
나없이 살고 있겠죠
난 너 없이 살 수 없는데
갈 곳을 잃은 새처럼
외로운 마음 달랠 길 없어
쓸쓸한 이 밤 나홀로 외로이
이정표 없는 거리만 떠도네
맴돌다 가는 사랑처럼
맴돌다 가는 인생처럼
돌고 도는 쳇바퀴처럼 헤매다
이정표 없는 거리만 떠도네
이제는 잊은 거겠죠
나없이 살고 있겠죠
난 너 없이 살 수 없는데
갈 곳을 잃은 새처럼
외로운 마음 달랠 길 없어
쓸쓸한 이 밤 나홀로 외로이
이정표 없는 거리만 떠도네
쓸쓸한 이 밤 나홀로 외로이
이정표 없는 거리만 떠도네
이정표 없는 거리만 떠도네",트로트
92,고맙고 미안한 내사람,"고맙고 미안한 내 사람
고맙고 미안한 내 사람
긴 세월 불안한 내 곁에서
나를 믿어준
그댈 위해 나는 노래 부르리
사랑한다는 그 말 미안하다는 그 말
따뜻한 한마디 못해준 못난 사람
약속할게요 그대 내 남은 모든 시간
그댈 위해 모두 쓰겠소
고맙고 미안한 내 사람
고맙고 미안한 내 사람
고운 그대 두 눈가에
항상 눈물만 남겨준
이런 나를 용서할 수 있나요
사랑한다는 그 말 미안하다는 그 말
따뜻한 한마디 못해준 못난 사람
약속할게요 그대 내 남은 모든 시간
그댈 위해 모두 쓰겠소
살다가 너무 힘이 들 때면
내 어깨에 기대 편히 쉬기를
행복하기를 그대 울지 말기를 이제
그댄 누구보다 행복해야 될 사람
내가 그대를 만나 사랑한 모든 날들
기적 같은 행운이었소
고맙고 미안한 내 사람",트로트
93,바람길,"길을 걷는다
끝이 없는 이 길
걷다가 울다가
서러워서 웃는다
스치듯 지나는
바람의 기억보다 더
에일 듯 시리운
텅 빈 내 가슴
울다가 웃다가
꺼내본 사진 속엔
빛 바랜 기억들이
나를 더 아프게 해
길을 걷는다
끝이 없는 이 길
걷다가 울다가
서러워서 웃는다
스치듯 지나는
바람의 기억보다 더
에일 듯 시리운
텅 빈 내 가슴
울다가 웃다가
꺼내본 사진 속엔
빛 바랜 기억들이
나를 더 아프게 해
길을 걷는다
끝이 없는 이 길
걷다가 울다가
서러워서 웃는다
서러워서 웃는다",트로트
94,가슴은 알죠,"우리 이제 정말 끝인가요 정말
그대와 나 우리 서로 남이 되나요
되돌릴 순 없죠 그럴 수는 없는 거죠
무너지는 나의 가슴이
이별이 맞다 하네요
그대는 괜찮은가 봐요
이대로도 괜찮은가요
그대의 두 눈에 비친 내 모습
눈물로 젖어 드는데
사랑이 이토록 아픈데도 그댈 찾아요
이 아픔 조차 그대를
모질게 떠난 그댈 잊었다해도
가슴은 기다립니다
그대는 괜찮은가 봐요
이대로도 괜찮은가요
그대의 두 눈에 비친 내 모습
눈물로 젖어 드는데
사랑이 이토록 아픈데도 그댈 찾아요
이 아픔 조차 그대를
모질게 떠난 그댈 잊었다 해도
가슴은 기다립니다
사랑이 이토록 아픈데도 그댈 찾아요
이 아픔 조차 그대를
모질게 떠난 그댈 잊었다 해도
가슴은 기다립니다
가슴은 기다립니다",트로트
95,바람길,"길을 걷는다
끝이 없는 이 길
걷다가 울다가
서러워서 웃는다
스치듯 지나는
바람의 기억보다 더
에일 듯 시리운
텅 빈 내 가슴
울다가 웃다가
꺼내본 사진 속엔
빛 바랜 기억들이
나를 더 아프게 해
길을 걷는다
끝이 없는 이 길
걷다가 울다가
서러워서 웃는다
스치듯 지나는
바람의 기억보다 더
에일 듯 시리운
텅 빈 내 가슴
울다가 웃다가
꺼내본 사진 속엔
빛 바랜 기억들이
나를 더 아프게 해
길을 걷는다
끝이 없는 이 길
걷다가 울다가
서러워서 웃는다",트로트
96,일편단심 민들레야,"님 주신 밤에 씨 뿌렸네
사랑의 물로 꽃을 피웠네
처음 만나 맺은 마음
일편단심 민들레야
그 여름 어인 광풍
그 여름 어인 광풍
낙엽지듯 가시었네
행복했던 장미인생
비 바람에 꺾이니
나는 한 떨기 슬픈 민들레야
긴 세월을 하루 같이
하늘만 쳐다보니
그 이의 목소리는
어디에서 들을까
일편단심 민들레는
일편단심 민들레는
떠나지 않으리라
해가 뜨면 달이 가고
낙엽지니 눈보라치네
기다리고 기다리는
일편단심 민들레야
가시 밭길 산을 넘고
가시 밭길 산을 넘고
강을 건너 찾아왔소
행복했던 장미인생
비 바람에 꺾이니
나는 한 떨기 슬픈 민들레야
긴 세월을 하루 같이
하늘만 쳐다보니
그 이의 목소리는
어디에서 들을까
일편단심 민들레는
일편단심 민들레는
떠나지 않으리라
떠나지 않으리라",트로트
97,사랑의 재개발,"싹 다 갈아 엎어주세요
머리부터 발끝까지
모조리 싹 다
싹 다 갈아 엎어주세요
나비 하나 날지 않던 나의 가슴에
재개발해주세요
내 맘을 그냥 두지 말아줘요
금싸라기 같은 내 맘을
내 맘에 전철역을 내어줘요
그대만이 내릴 수 있는
오 오 그대 맘을 심으면 뭐든 피어나
팥도 나고 콩도 날 텐데
모조리 싹 다 갈아엎어주세요
머리부터 발끝까지
모조리 싹 다 싹 다 갈아 엎어주세요
나비 하나 날지 않던 나의 가슴에
재개발해주세요
내 맘에 이정표를 세워줘요
딱 집어서 그대 거라고
내 맘에 박자를 좀 넣어줘요
쿵 찍으면 딱을 할 게요
오 오 그대 맘을 심으면 뭐든 피어나
팥도 나고 콩도 날 텐데
모조리 싹 다 갈아 엎어주세요
머리부터 발끝까지
모조리 싹 다 싹 다 갈아 엎어주세요
나비 하나 날지 않던 나의 가슴에
재개발해주세요
라라라라라라라
사랑의 재개발",트로트
98,가인이어라,"가인 가인이어라
운명 같은 사람이어라
보고 또 보고 싶은 가인이어라
정도 많은 사람이어라
어느 한 날 똑같은 시간에 만나
서로에게 끌려버린 맘
좋아 좋아한다면 죄라도 되나요
이제 나는 어쩔 수 없네
아 영원히 안고 싶어라
시간아 멈추어라
가인 가인이어라
필연적인 사람이어라
보고 또 보고 싶은 가인이어라
내인생의 귀인이어라
사랑해요 그 말을 하고 싶나요
내 마음도 그렇답니다
애간장을 녹이는 다정한 목소리
누가 내게 보내셨나요
아 영원히 닮고 싶어라
세월아 멈추어라
가인 가인이어라
운명 같은 사람이어라
보고 또 보고 싶은 사람이어라
내인생의 귀인이어라
가인이어라 가인이어라
가인 가인이어라
가인 가인 가인이어라",트로트
99,별빛 같은 나의 사랑아,"당신이 얼마나 내게 소중한 사람인지
세월이 흐르고 보니
이제 알 것 같아요
당신이 얼마나 내게 필요한 사람인지
세월이 지나고 보니
이제 알 것 같아요
밤하늘에 빛나는
별빛 같은 나의 사랑아
당신은 나의 영원한 사랑
사랑해요 사랑해요
날 믿고 따라준 사람
고마워요 행복합니다
왜 이리 눈물이 나요
밤하늘에 빛나는
별빛 같은 나의 사랑아
당신은 나의 영원한 사랑
사랑해요 사랑해요
날 믿고 따라준 사람
고마워요 행복합니다
왜 이리 눈물이 나요
왜 이리 눈물이 나요",트로트
100,슬픈 인연,"멀어져가는 저 뒷모습을
바라보면서
난 아직도 이 순간을
이별이라 하지 않겠네
달콤했었지 그 수많았던
추억속에서
흠뻑 젖은 두 마음을
우리 어떻게 잊을까
아 다시 올거야
너는 외로움을
견딜수 없어
아 나의 곁으로
다시 돌아올거야
그러나 그 시절에
너를 또 만나서
사랑할 수 있을까
흐르는 그 세월에
나는 또 얼마나
많은 눈물을 흘리려나

달콤했었지 그 수많았던
추억속에서
흠뻑 젖은 두 마음을
우리 어떻게 잊을까
아 다시 올거야
너는 외로움을
견딜수 없어
아 나의 곁으로
다시 돌아올거야
그러나 그 시절에
너를 또 만나서
사랑할 수 있을까
흐르는 그 세월에
나는 또 얼마나
많은 눈물을 흘리려나
그러나 그 시절에
너를 또 만나서
사랑할 수 있을까
흐르는 그 세월에
나는 또 얼마나
많은 눈물을 흘리려나",트로트
101,시계바늘,"사는게 뭐 별거있더냐
욕 안먹고 살면 되는거지
술한잔에 시름을 털고
너털웃음 한번웃어보자 세상아
시계바늘처럼 돌고돌다가
가는길을 잃은사람아
미련따위 없는거야
후회도없는거야 아 아
세상살이 뭐 다 그런거지 뭐
돈이좋아 여자가좋아
술이좋아 친구가좋아
싫다하는 사람은없어
너도한번해보고
나도한번해본다
시계바늘처럼 돌고돌다가
가는길을 잃은사람아
미련따위없는거야
후회도없는거야 아 아
세상살이뭐 다 그런거지 뭐
세상살이뭐 다 그런거지 뭐",트로트
102,한 많은 대동강,"한많은 대동강아
변함없이 잘있느냐
모란봉아 을밀대야
네 모양이 그립구나
철조망이 가로막혀
다시만날 그때까지
아 소식을 물어본다
한많은 대동강아
대동강 부벽루야
변함없이 잘있느냐
귀에익은 수심가를
다시 한 번 불러본다
편지 한 장 전할길이
이다지도 없을소냐
아 썼다가 찢어버린
한많은 대동강아",트로트
103,불나비,"헝클어진 머리 쓸어 올리고
춤을 춰 춤을 춰
바라보는 그대의 눈빛 만이
말을 해 말을 해
사랑하나봐 ah ah ah
그대 그대 그대
떨리는가봐 ah ah ah 그대 때문에
흔들리는 저 불빛 사이로
uh 어느새 나는 불나비
너무 좋아 타는 줄도 모르고
뱅뱅뱅 자꾸 뱅뱅뱅 에에에에에에

외로움은 먼지를 털어내듯이
툭툭 툭툭툭
빨강 파란 노란빛 조명불 아래
유혹해 유혹해
사랑하나봐 ah ah ah
그대 그대 그대
떨리는가봐 ah ah ah 그대 때문에
흔들리는 저 불빛 사이로
uh 어느새 나는 불나비
너무 좋아 타는 줄도 모르고
뱅뱅뱅 자꾸 뱅뱅뱅 에에에에에에
흔들리는 네온빛 속으로
uh 어느새 나는 불나비
이 음악을 멈추지 말아 DJ
이번엔 뜨거운 밤에",트로트
104,남자라는 이유로,"누구나 웃으면서 세상을 살면서도
말못할 사연 숨기고 살아도
나역시 그런저런 슬픔을 간직하고
당신앞에 멍하니 서있네
언제한번 가슴을 열고 소리내어
소리내어 울어 볼 날이
남자라는 이유로 묻어두고 지낸
그 세월이 너무 길었어

저마다 처음인듯 사랑을 하면서도
쓰라린 이별 숨기고 있어도
당신도 그런저런 과거가 있겠지만
내앞에선 미소를 짓네
언제한번 가슴을 열고 소리내어
소리내어 울어 볼 날이
남자라는 이유로 묻어두고 지낸
그 세월이 너무 길었어

언제한번 그런날 올까요 가슴을 열고
소리내어 울어 울어 볼 날이
남자라는 이유로 묻어두고 지낸
그 세월이 너무 길어요",트로트
105,잊어야 한다는 마음으로,"잊어야 한다는 마음으로
내 텅 빈 방문을 닫은 채로
아직도 남아 있는 너의 향기
내 텅 빈 방 안에 가득한데
이렇게 홀로 누워 천정을 보니
눈앞에 글썽이는 너의 모습
잊으려 돌아 누운 내 눈가에
말 없이 흐르는 이슬방울들
지나간 시간은 추억 속에
묻히면 그만인 것을
나는 왜 이렇게 긴긴 밤을
또 잊지 못해 새울까
창 틈에 기다리던 새벽이 오면
어제 보다 커진 내 방 안에
하얗게 밝아온 유리창에
썼다 지운다 널 사랑해
지나간 시간은 추억 속에
묻히면 그만인 것을
나는 왜 이렇게 긴긴 밤을
또 잊지 못해 새울까
창 틈에 기다리던 새벽이 오면
어제 보다 커진 내 방 안에
하얗게 밝아온 유리창에
썼다 지운다 널 사랑해",트로트
106,나보다 더 사랑해요,"서로 다른 길에
우리 둘의 만남은
돌아보니 꿈만 같아요
같은 시간 속에 우리는
서로의 삶에
멈춰버렸죠
바다처럼 깊어진
우리의 믿음
흔들리지 않아요
그댈 나보다 더 나보다 더
사랑해요
저기 별빛이 내리는 아래
고백할게요
그댈 나보다 더 나보다 더
사랑해요 그대
마음 받아주세요
맘이 힘든 날엔
말을 하지 않아도
언제나 내 편인 한사람
자신보다 나를 위해준
그 사람에게
난 부족한 사람
바다처럼 깊어진
우리의 믿음
흔들리지 않아요
그댈 나보다 더 나보다 더
사랑해요
저기 별빛이 내리는 아래
고백할게요
그댈 나보다 더 나보다 더
사랑해요 그대
마음 받아주세요
볕이 안 드는 고된 삶의 틈에도
손 내밀어 주세요 워
우린 별이 되어 달이 되어
세상이 끝나도
함께할 사랑 함께할 운명
그댈 사랑합니다",트로트
107,둥지,"너 빈자리 채워 주고 싶어
내 인생을 전부 주고 싶어
이제는 너를 내 곁에다 앉히고
언제까지나 사랑 할까봐

우리 더 이상 방황하지마
한눈 팔지마 여기 둥지를 틀어

지난날의 아픔은 잊어버려
스쳐 지나가는 바람처럼
이제 너는 혼자가 아니잖아
사랑하는 나 있잖아

너는 그냥 가만히 있어 다 내가 해 줄게
현실일까 꿈일까 사실일까 아닐까
헷갈리고 서 있지마 우 -

사랑이 뭔지 그동안 몰랐지
내 품에 둥지를 틀어봐

너 빈자리 채워 주고 싶어
내 인생을 전부 주고 싶어
이제는 너를 내 곁에다 앉히고
언제까지나 사랑 할까봐

우리 더 이상 방황하지마
한눈 팔지마 여기 둥지를 틀어

지난날의 아픔은 잊어버려
스쳐 지나가는 바람처럼
이제 너는 혼자가 아니잖아
사랑하는 나 있잖아

너는 그냥 가만히 있어 다 내가 해 줄게
현실일까 꿈일까 사실일까 아닐까
헷갈리고 서 있지마 우 -

사랑이 뭔지 그동안 몰랐지
내 품에 둥지를 틀어봐

내 품에 둥지를 틀어봐 -",트로트
108,파트너,"일년 삼백 육십 오일동안
우린 멋진 파트너야
파트너
많고 많은 사람 중에 최고
둘도 없는 파트너야
그래 그래 맞아 볼 때마다 미쳐
너무 좋은 파트너야
얼마나 기다리고
기다리고
기다려서
기다려서
우리가 만난거야
첫눈에 딱 보는 그 순간
너는 이미 나의 파트너
그냥 멀리서 바라만 봐도
두근두근 내 가슴은 뛰네
COME ON COME ON
더 이상 어떻게 좋아
일년 삼백 육십 오일동안
우린 멋진 파트너야
파트너
많고 많은 사람 중에 최고
둘도 없는 파트너야
그래 그래 맞아 볼 때마다 미쳐
너무 좋은 파트너야
얼마나 기다리고
기다리고
기다려서
기다려서
우리가 만난거야
첫눈에 딱 보는 그 순간
너는 이미 나의 파트너
그냥 멀리서 바라만 봐도
두근두근 내 가슴은 뛰네
Let's go
Let's go
Let's go
Let's go
더 이상 어떻게 좋아
일년 삼백 육십 오일동안
우린 멋진 파트너야
많고 많은 사람 중에 최고
둘도 없는 파트너야 그대
그래 그래 맞아 볼 때마다 미쳐
너무 좋은 파트너야 그대
그래 그래 맞아 볼 때마다 미쳐
너무 좋은 파트너야 그대
너무 좋은 파트너야 그대
너무 좋은 파트너야 그대",트로트
109,풍악을 울려라!,"풍악을 울려라 온 세상 떠들썩하게
풍악을 울려라 내 님이 춤출 수 있게
이 세상에서 제일로 예쁜
고운 님이 오신다는데
이보다 더 나 기쁠 수 있나
세상이 다 내 것이로세
벌나비가 춤을 추고
산에 들에 꽃천지
내 마음은 살랑 춘풍이
어깨춤 절로 더덩실
풍악을 울려라 온 세상 떠들썩하게
풍악을 울려라 내 님이 춤출 수 있게
풍악을 울려라 온 세상 떠들썩하게
풍악을 울려라 내 님이 춤출 수 있게
이 세상에서 제일로 예쁜
고운 님이 오신다는데
이보다 더 나 기쁠 수 있나
세상이 다 내 것이로세
벌나비가 춤을 추고
산에 들에 꽃천지
내 마음은 살랑 춘풍이
어깨춤 절로 더덩실
풍악을 울려라 온 세상 떠들썩하게
풍악을 울려라 내 님이 춤출 수 있게
풍악을 울려라 온 세상 떠들썩하게
풍악을 울려라 내 님이 취할 수 있게
내 님이 안길 수 있게",트로트
110,엄지 척,"엄지 엄지 척 엄지 엄지 척
자상하고 다정다감해
보면 볼수록 알면 알수록
매력이 넘쳐요
엄지 엄지 척 엄지 엄지 척
천생연분 내 사랑이에요
그냥 좋아요 왠지 좋아요 엄지 척
평범하고 편안한 속이 깊은 이 남자
사람 냄새가 풍겨서 좋아요
성실하고 진실한 믿음직한 내 남자
당신을 정말로 사랑해
엄지 엄지 척 엄지 엄지 척
자상하고 다정다감해
보면 볼수록 알면 알수록
매력이 넘쳐요
엄지 엄지 척 엄지 엄지 척
천생연분 내 사랑이에요
그냥 좋아요 왠지 좋아요 엄지 척
오늘보다 내일을 약속하고 싶어요
꿈과 희망이 있어서 좋아요
평생토록 나만을 지켜준다 말해요
당신을 영원히 사랑해
엄지 엄지 척 엄지 엄지 척
자상하고 다정다감해
보면 볼수록 알면 알수록
매력이 넘쳐요
엄지 엄지 척 엄지 엄지 척
천생연분 내 사랑이에요
그냥 좋아요 왠지 좋아요 엄지 척
엄지 엄지 척 엄지 엄지 척
자상하고 다정다감해
보면 볼수록 알면 알수록
매력이 넘쳐요
엄지 엄지 척 엄지 엄지 척
천생연분 내 사랑이에요
그냥 좋아요 왠지 좋아요 엄지 척
사랑해요 내 사랑 엄지 척
엄지 척",트로트
111,너 떠난후에,"좋아한다고 말할걸 그랬어
사랑한다고 말할걸 그랬어
말 못한걸 난 후회해
너 떠난 후에
가지 말라고 말할걸 그랬어
기다리라고 말할걸 그랬어
이제 와서 난 후회해
너 떠난 후에
오늘처럼 바람 부는 날에는
널 찾아가 울고 싶어
바람에 밀려왔다고 우겨 볼까
너 없는 세상 살 수가 없다고
혼자 남는 게 난 싫어
내게 돌아와 줘
가지 말라고 말할걸 그랬어
기다리라고 말할걸 그랬어
이제 와서 난 후회해
너 떠난 후에
오늘처럼 비가 오는 날에는
널 찾아가 울고 싶어
내리는 비가 무섭다 말해볼까
너 없는 세상 살 수가 없다고
혼자 남는 게 난 싫어
내게 돌아와 줘
우 우 돌아와 줘",트로트
112,신발끈,"해가 없는 하늘 있을까
달이 없는 하늘 있을까
누구나 똑같은 세상이니까
한숨 푸념은 이제 그만
씨앗 뿌려 하루 만에 꽃이 피더냐
꽃망울 하나에 두 꽃이 피더냐
가는 길 험해도 나는 또 걸어간다
어느 날 웃었다 또다시 운다 해도
인생길에 신발끈 풀려 주저앉아도
다시 묶고 일어나 떠나야지
바람 없는 들판 있을까
파도 없는 바다 있을까
누구나 똑같은 세상이니까
한숨 푸념은 이제 그만
씨앗 뿌려 하루 만에 꽃이 피더냐
꽃망울 하나에 두 꽃이 피더냐
가는 길 험해도 나는 또 걸어간다
어느 날 웃었다 또다시 운다 해도
인생길에 신발끈 풀려 주저앉아도
다시 묶고 일어나 떠나야지
인생길에 신발끈 풀려 주저앉아도
다시 묶고 일어나 떠나야지",트로트
113,가슴이 울어,"벌써 몇 해가 지나가 버렸어
이제는 잊을 때도 됐는데
꽃은 또 피고 새봄이 왔어도
아직도 넌 내 안에 있어
잊을 수 있다고 웃을 수 있다고
다짐하고 또 다짐했지만
시간이 갈수록 슬픔은 커지고
그리움도 점점 커져
그리워 그리워 가슴이 울어
아무리 달래도 가슴이 울어
하지만 이렇게 살아갈 거야
잊혀지면 더 슬플 테니까
잊을 수 있다고 웃을 수 있다고
다짐하고 또 다짐했지만
시간이 갈수록 슬픔은 커지고
그리움도 점점 커져
그리워 그리워 가슴이 울어
아무리 달래도 가슴이 울어
하지만 이렇게 살아갈 거야
잊혀지면 더 슬플 테니까
잊혀지면 더 슬플 테니까",트로트
114,눈물이 뚝뚝,"소리 없이 내리는 눈물
떠나간 그대 생각이 나요
이 밤 홀로 불러본 이름
그대 떠나고 처음 불러봅니다
하루하루 지내다 보면
그대 흔적들 많이 남아서
가끔 멍해질 때 있어요
그대 너무 생각나서
오늘은 마음먹고
그대 생각하려고
옛 추억 떠올려 보다
잘해주지 못했던
내가 너무 미워서
술 한 잔으로 달래 보지만
눈물이 뚝뚝 뚝뚝 뚝뚝
떨어지네요
내 두 볼 위로 흐르는 눈물
어느 누가 알까요
그댈 그리는 마음
뜨거운 가슴의 눈물을
오늘은 마음먹고
그대 생각하려고
옛 추억 떠올려 보다
잘해주지 못했던
내가 너무 미워서
술 한 잔으로 달래 보지만
눈물이 뚝뚝 뚝뚝 뚝뚝
눈물이 뚝뚝 뚝뚝 뚝뚝
떨어지네요
내 두 볼 위로 흐르는 눈물
어느 누가 알까요
그댈 그리는 마음
뜨거운 가슴의 눈물을
뜨거운 가슴의 눈물을",트로트
115,기다리는 아픔,"고독한 이 가슴에 외로움을 심어주고
초라한 내 모습에 멍울을 지게 했다
함께한 시간보다 더 많이 가슴을 태웠고
사랑한 날보다도 더 많이 아파했다
아픔속에 지워야 할 사랑이면
고개숙인 향기마저 데려가지
눈을 떠도 감고 있는 내 그림자
그대에게 가고 있는데
날 위해 힘들다 말해줘
내가 기다릴 수 있게 해줄래
돌아와 베어진 가슴에 눈물이 마를 수 있게

아픔속에 지워야 할 사랑이면
고개숙인 향기마저 데려가지
눈을 떠도 감고 있는 내 그림자
그대에게 가고 있는데
날 위해 힘들다 말해줘
내가 기다릴 수 있게 해줄래
돌아와 베어진 가슴에 눈물이 마를 수 있게
눈물이 마를 수 있게",트로트
116,오라버니,"나의 오라버니
날 사랑 하신다하니
정말 그러시다니
구름타고 빛나는하늘
훨훨 날아갑니다
날 사랑 하신다하니
정말 행복하여서
설레이다 떠는 가슴은
아픈줄도 모른답니다
오라버니 어깨에
기대어 볼래요
커다란 가슴에
얼굴을 묻고
지금 이대로
죽어도 여한 없어요
난 정말여자라서
행복해요
사랑한다 말해주세요
정신을 못차릴거야
오라버니 목소리에
울고 웃어요
내겐 영원한 오라버니
오라버니 어깨에
기대어 볼래요
커다란 가슴에
얼굴을 묻고
지금 이대로
죽어도 여한 없어요
난 정말여자라서
행복해요
사랑한다 말해주세요
정신을 못차릴거야
오라버니 목소리에
울고 웃어요
내겐 영원한 오라버니
내겐 영원한 오라버니
나의 오라버니",트로트
117,짠짜라,"(짠짠짠)
(짜라라짜짜짜)
잘가요 안녕 내 사랑 (짠짠짠)
반짝 반짝 반짝이는
밤하늘의 별을 보며 (짜라라짜짜짜)
우리 사랑 변치말자던
그 약속 잊으셨나요 (짠짠)
날 갖고 장난쳤나요
사랑이 그런건가요
이리저리로 왔다 요리조리로 갔다
아직도 헷갈리나요
짠짠짠 하게 하지 말아요
말없이 그냥 가세요 (짜라라짜짜짜)
짠짠짠 이제 울지 않아요
잘가요 안녕 내 사랑 (짠짠)
(짜라라짜짜짜)
잘가요 안녕 내사랑 (짠짠짠)
깜빡 깜빡 깜빡이는
네온싸인 불빛아래 (짜라라짜짜짜)
약속시간 지나갔어도
내 님은 오질 않네요 (짠짠)
날 갖고 장난쳤나요
사랑이 그런건가요
이리저리로 왔다 요리조리로 갔다
아직도 헷갈리나요
짠짠짠 하게 하지 말아요
말없이 그냥 가세요 (짜라라짜짜짜)
짠짠짠 이젠 울지 않아요
잘가요 안녕 내 사랑 (짠짠)
잘가요 안녕 내 사랑 (짠짠)
(짜라라짜짜짜)
잘가요 안녕 내 사랑 (짠짠짠)",트로트
118,동전인생,"바람 바람 끝자락 매달려
흘러간 청춘
돈이건만 값어치 약한 동전 같았던
내 과거 그 누가 알까
자존심을 내 목숨보다 더 사랑한
지난 날 아픔 속에는
눈물 방울 삼키며 오늘을 위하여
추억 밟고 나 여기 왔다
다시는 울지 않으리
바람 바람 끝자락 매달려
흘러간 청춘
돈이건만 값어치 약한 동전 같았던
내 설움 그 누가 알까
자존심을 내 목숨보다 더 사랑한
지난 날 아픔 속에는
눈물 방울 삼키며 오늘을 위하여
모진 세월 나 여기 왔다
인생은 지금부터야
눈물방울 삼키며 오늘을 위하여
모진 세월 나 여기 왔다
인생은 지금부터야",트로트
119,무뚝뚝,"이별한 남자에게 묻지마라
떠나는 남자에게 묻지마라
여자는 울고 남자는 무뚝뚝
뭐가 그리 냉정하냐고
남자 남자 남자 이별은
가슴으로 우는겁니다
여자 여자 여자 마음에
미련이 남겨질까봐
무뚝뚝 무뚝뚝 뒤돌아서 뚝뚝뚝
뜨거운 내가슴을 속여가며
차가운 바람되어 떠나간다
돌아선 걸음 걸음걸음마다
옛정이 터져버린다
남자 남자 남자 이별은
가슴으로 우는겁니다
여자 여자 여자 마음에
미련이 남겨질까봐
무뚝뚝 무뚝뚝 뒤돌아서 뚝뚝뚝
비가 내리네 비가 비가 내리네
바람이 부네 바람 바람이 부네
차가운 이별의 선명한 엔딩이
점점더 가까워지네
남자 남자 남자 이별은
가슴으로 우는겁니다
여자 여자 여자 마음에
미련이 남겨질까봐
무뚝뚝 무뚝뚝 뒤돌아서 뚝뚝뚝
뒤돌아서 뚝뚝뚝",트로트
120,보약같은 친구,"같이 가세 같이 가세
보약같은 친구
같이 가세
같이 가세
아침에 눈을 뜨면
제일 먼저 생각나는
자네는 좋은 친구야
보약같은 친구
피한방울 섞이지 않은
우리 두사람
전생에 인연일거야
자식보다 자네가 좋고
돈보다 자네가 좋아
자네와 난 보약같은 친구야
아아아 사는날까지
같이 가세 보약같은 친구야
같이 가세 같이 가세
보약같은 친구
같이 가세
같이 가세
사랑도 해봤고
이별도 해봤지
사는거 별거 없더라
보약같은 친구
언제갈지 모르는 인생
우리 둘이서
웃으며 살아가보자
자식보다 자네가 좋고
돈보다 자네가 좋아
자네와 난 보약같은 친구야
아아아 사는날까지
같이 가세 보약같은 친구야
자식보다 자네가 좋고
돈보다 자네가 좋아
자네와 난 보약같은 친구야
아아아 사는날까지
같이 가세 보약같은 친구야
같이 가세 보약같은 친구야
보약같은 친구
친구",트로트
121,미워야 연인이라 했나요,"미워야 연인이라 했나요
나 아님 안 된다던 그대여
내 삶은 아파도 좋아요
그대여 제발 잘 살아요
인연은 있어서 만나져
사랑은 했네요
마치 써놓은 일기처럼
그저 좋았던
우리 지난날 그렇게
내 것인 줄만 알았어
가질 수 없는 건 사랑뿐 아니라
추억 버릴 수도 없는
영원할 것만 같았던
그날의 뜨거운 다짐들
미워야 연인이라 했나요
나 아님 안 된다던 그대여
내 삶은 찢겨도 좋아요
거기선 제발 잘 살아요
인연은 있어서
만나긴 했지만 아파요
마치 써놓은 일기처럼
그저 좋았던
우리 지난날 언제나
내 것인 줄만 알았어
가질 수 없는 건 사랑뿐 아니라
추억 버릴 수도 없는
영원할 것만 같았던
그날의 뜨거운 다짐들
가질 수 없는 건 사랑뿐 아니라
추억 버릴 수도 없는
영원할 것만 같았던
그날의 뜨거운 다짐들
영원할 것만 같았던
그날의 뜨거운 다짐들",트로트
122,트로트가 나는 좋아요,"쿵짝 쿵짝 리듬에 맞춰
야야 야야 노래를 해요
춤추는 세상 신나는 세상
마음껏 즐겨 보아요
삑삑 삑삑 꾀꼬리 되어
야야 야야 따라해 봐요
즐거운 세상 행복한 세상
십년은 젊어 진대요
모이자 트로트 전국팔도 모두 모이자
부르자 트로트 남녀노소 모두 부르자
즐기자 트로트 안방1열 국민 트로트
모이자 부르자 트로트가 나는 좋아요
뽕짝 뽕짝 리듬에 맞춰
룰루 랄라 노래를 해요
당신이 좋아 기분이 좋아
인생은 정말 즐거워
삑삑 삑삑 꾀꼬리 되어
룰루 랄라 따라해 봐요
즐거운 세상 행복한 세상
십년은 젊어 진대요
모이자 트로트 전국팔도 모두 모이자
부르자 트로트 남녀노소 모두 부르자
즐기자 트로트 안방1열 국민 트로트
모이자 부르자 트로트가 나는 좋아요
근심걱정 하지마요 콧노래를 불러요
노래하고 춤을춰요 브라보 화이팅
세상이 아름다워요
모이자 트로트 전국팔도 모두 모이자
부르자 트로트 남녀노소 모두 부르자
즐기자 트로트 안방1열 국민 트로트
모이자 부르자
트로트가 나는 좋아요
트로트가 나는 좋아요
노래하며 춤을 춥시다",트로트
123,상사화,"사랑이 왜 이리 고된가요
이게 맞는가요 나만 이런가요
고운 얼굴 한 번 못 보고서
이리 보낼 수 없는데
사랑이 왜 이리 아픈가요
이게 맞는가요 나만 이런가요
하얀 손 한 번을 못 잡고서
이리 보낼 순 없는데
다시 돌아올 수 없는
그 험한 길 위에
어찌하다 오르셨소
내가 가야만 했었던
그 험한 길 위에
그대가 왜 오르셨소
기다리던 봄이 오고 있는데
이리 나를 떠나오
긴긴 겨울이 모두 지났는데
왜 나를 떠나가오
다시 돌아올 수 없는
그 험한 길 위에
어찌하다 오르셨소
내가 가야만 했었던
그 험한 길 위에
그대가 왜 오르셨소
기다리던 봄이 오고 있는데
이리 나를 떠나오
긴긴 겨울이 모두 지났는데
왜 나를 떠나가오
긴긴 겨울이 모두 지났는데
왜 나를 떠나가오",트로트
124,서울 가 살자,"그 이불솜 베개 다 버리고
우리 이제 서울 가서 살자
그대야가 말한 천 번에 약속은
괜찮으니 서울 가 살자
저 달이 건너가 먼저 비춘다니
우리 무슨 어떤 걱정 있을까요
그댈 원망하진 않아요 이젠
그래서 또 살아보는 세월일껀데
미련 없이 버리고 서울 가 살자
별빛이 뜨고도 해가 있다는
그곳에서 어떤 행복 기다릴까요
그댈 원망하진 않아요 아마
내가 더 원했었던 사랑일테니
그대도 놓지 말아요 오
저 달이 건너가 먼저 비춘다니
우리 무슨 어떤 걱정 있을까요
그댈 원망하진 않아요 이젠
그래서 또 살아보는 세월일껀데
미련없이 버리고 서울 가 살자",트로트
125,너의 모든 순간,"이윽고 내가 한눈에
너를 알아봤을 때
모든 건 분명 달라지고 있었어
내 세상은 널 알기 전과 후로 나뉘어
니가 숨 쉬면 따스한 바람이 불어와
니가 웃으면 눈부신 햇살이 비춰
거기 있어줘서 그게 너라서
가끔 내 어깨에 가만히 기대주어서
나는 있잖아 정말 빈틈없이 행복해
너를 따라서 시간은 흐르고 멈춰
물끄러미 너를 들여다 보곤 해
그것 말고는 아무것도 할 수 없어서
너의 모든 순간 그게
나였으면 좋겠다
생각만 해도 가슴이 차올라
나는 온통 너로
보고 있으면 왠지 꿈처럼 아득한 것
몇 광년 동안 날 향해 날아온 별빛
또 지금의 너
거기 있어줘서 그게 너라서
가끔 나에게 조용하게 안겨주어서
나는 있잖아 정말 남김없이 고마워
너를 따라서 시간은 흐르고 멈춰
물끄러미 너를 들여다보곤 해
너를 보는 게 나에게는 사랑이니까
너의 모든 순간 그게
나였으면 좋겠다
생각만 해도 가슴이 차올라
나는 온통 너로
니 모든 순간 나였으면",트로트
126,노래하고 싶어,"노래를 안하기로 했습니다
노래가 쉬운 일은 아니죠
목소리 하나로 담아내는게
참 어려운 일이죠
어릴 때 이런 꿈을 꿨습니다
수많은 사람들의 함성과
나를 밝혀주는 조명 아래서
등장하는 나를요
세상에 눈뜨고 부터
이 삶의 끝까지 함께 사는 동안
곁에 있을 노래
우리 외로울 때나
또 아파 눈물 날 때도
힘이 될 이 노래
아 진짜 나도 노래하고 싶어
가수 되고 싶어 정말
아 진짜 나도 노래하고 싶어
가슴깊이 남을 노래
마이크에 이 맘 실어
오늘도 난 부릅니다
노래를 다시 생각해 봅니다
노래가 어려운 건 아니죠
목소리 하나로 담아 내는 건
진심 하나만 있으면 됩니다
세상에 눈뜨고 부터
이 삶의 끝까지 함께 사는 동안
곁에 있을 노래
우리 외로울 때나
또 아파 눈물 날 때도
힘이 될 이 노래
아 진짜 나도 노래하고 싶어
가수 되고 싶어 정말
아 진짜 나도 노래하고 싶어
가슴깊이 남을 노래
마이크에 이 맘 실어
오늘도 난 부릅니다
마이크에 이 맘 실어
오늘도 난 부릅니다
오늘도 난 노래를 부릅니다",트로트
127,희망열차,"온누리에 사랑이 피어난 그 시간이
다가온 거야 모두 알 거야
세상이 다 알 거야
이제 우리 지금 모두
다 함께 춤을 출 거야
기쁨 속에서 즐길 차례가 온 거야
버텨왔던 우리의 그 시간이
축복의 통로가 된 거야
그때 그 시절이
모입시다 이곳에 우리가
마음을 나눠요 사랑하자
이 마음 변하지 말고 쭉
모입시다 이곳에 우리가
사랑이 싹트고 함께하자
영원히 변하지 말고 쭉 같이 가요
기나긴 어둠 속이 끝이 날 그 시간이
다가온 거야 실컷 누려라
자유함을 느껴봐
이제 우리 지금 모두
다 함께 노래할 거야
기쁨 속에서 즐길 차례가 온 거야
힘겨웠던 우리의 그 시간이
축복의 통로가 된 거야
그러면 된 거야
모입시다 이곳에 우리가
마음을 나눠요 사랑하자
이 마음 변하지 말고 쭉
모입시다 이곳에 우리가
사랑이 싹트고 함께하자
영원히 변하지 말고 쭉
라랄랄라 라라리 랄라리 라라라
랄랄라랄라 랄라라 라라리 랄라
모두 잘될 거야
라라리 랄라리 라라라 랄랄 라랄라
영원히 변하지 말고 쭉 같이 가
영원히 변하지 말고 쭉 같이 가요",트로트
128,우연히,"나이트 클럽에서 우연히 만났네
첫사랑 그 남자를
추억에 흠뻑 젖어 함께 춤을 추었네
철없던 세월이 그리워
행복하냐 물었지 아무런 말도 없이
눈물만 뚝뚝뚝 흘리는 그 사람
난 벌써 용서 했다고
난 벌써 잊어 버렸다고
말을 해놓고 안아주었지
정말 정말 행복해야 된다고
오늘밤 우연히 우연히 만났네
첫사랑 그 남자를
나이트 클럽에서 함께 춤을 추었네
철없던 세월이 그리워
행복하냐 물었지 아무런 말도 없이
눈물만 뚝뚝뚝 흘리는 그 사람
난 벌써 용서 했다고
난 벌써 잊어 버렸다고
말을 해놓고 안아주었지
정말 정말 행복해야 된다고
정말 정말 행복해야 된다고",트로트
129,미워요,"운명의 장난일까요
내 인생의 숙명일까요
사랑해선 안 될 사람
내 맘속에 들어왔네
매일 그대 생각에
목이 메이고
두근대는 가슴으로
잠 못 이루는 날들아
미워요 미워요
사랑해선 안 될 사람
내 마음 훔쳐가 버린
그 사람이 미워요
눈에선 멀어져 가도
가슴속엔 남아있어요
보고 싶다는 말 한마디
할 수 없는 내 사랑아
내 마음에 찾아와
꽃을 피우고
속절없이 떠나가면
나의 마음은 어이해
미워요 미워요
사랑해선 안 될 사람
내 마음 훔쳐가 버린
그 사람이 미워요
미워요 미워요
사랑해선 안 될 사람
내 마음 훔쳐가 버린
그 사람이 미워요
내 마음 훔쳐가 버린
그 사람이 미워요",트로트
130,사랑 참,"잡힐 듯 잡히지 않는
사랑이 너무 아쉬워
다가가면 더 멀어지는
사랑 참 힘드네요
참을 만해요 괜찮아요
힘들면 좀 어때요
사랑을 잃은 아픔보다
참는 게 더 쉬워요
들리나요 사랑아
내 슬픈 사랑아
보이나요 사랑아
내 아픈 사랑아
참을 만해요 괜찮아요
힘들면 좀 어때요
사랑을 잃은 아픔보다
참는 게 더 쉬워요
들리나요 사랑아
내 슬픈 사랑아
보이나요 사랑아
내 아픈 사랑아
들리나요 사랑아
내 슬픈 사랑아
보이나요 사랑아
내 아픈 사랑아
사랑 참 힘드네요",트로트
131,어머나!,"어머나 어머나 이러지마세요
여자의 마음은 갈대랍니다
안돼요 왜이래요 묻지 말아요
더이상 내게 원하시면 안돼요
오늘 처음 만난 당신이지만 내사랑인걸요
헤어지면 남이 되어 모른척하겠지만
좋아해요 사랑해요 거짓말처럼 당신을 사랑해요
소설속에 영화속의 멋진 주인공은 아니지만
괜찮아요 말해봐요 당신 위해서라면 다줄께요

간주

어머나 어머나 이러지마세요
여자의 마음은 바람입니다
안돼요 왜이래요 잡지 말아요
더이상 내게 바라시면 안돼요
오늘 처음 만난 당신이지만 내사랑인걸요
헤어지면 남이 되어 모른척하겠지만
좋아해요 사랑해요 거짓말처럼 당신을사랑해요
소설속에 영화속의 멋진 주인공은 아니지만
괜찮아요 말해봐요 당신 위해서라면 다줄께요

소설속에 영화속의 멋진 주인공은 아니지만
괜찮아요 말해봐요 당신 위해서라면 다줄께요",트로트
132,울엄마,"울 엄마 날 낳아
걱정 태산이 되고
주름 깊은데
세상사 나 잘났다
허풍소리에
눈가에 이슬 맺히시네
어리 버리 가진 것 없어
떠버리 말로만 한숨 드렸네
어리 버리 수많은 날을
응어리 가슴에 한만 드렸네
무병장수 부디 하옵소서
어리 버리 가진 것 없어
떠버리 말로만 한숨 드렸네
어리 버리 수많은 날을
응어리 가슴에 한만 드렸네
무병장수 부디 하옵소서
어리 버리 가진 것 없어
떠버리 말로만 한숨 드렸네
어리 버리 수많은 날을
응어리 가슴에 한만 드렸네
세월 비켜 부디 가옵소서",트로트
133,男子의 人生 (남자의 인생),"어둑어둑 해질 무렵
집으로 가는 길에
빌딩사이 지는 노을
가슴을 짜안하게 하네
광화문 사거리서 봉천동까지
전철 두 번 갈아타고
지친 하루 눈은 감고 귀는 반 뜨고
졸면서 집에 간다
아버지란 그 이름은
그 이름은 男子의 人生
그냥저냥 사는 것이
똑같은 하루하루
출근하고 퇴근하고
그리고 캔 맥주 한잔
홍대에서 버스타고 쌍문동까지
서른아홉 정거장
운 좋으면 앉아가고 아니면 서고
지쳐서 집에 간다
남편이란 그 이름은
그 이름은 男子의 人生
그 이름은 男子의 人生",트로트
134,와인 한잔해요,"와인 한잔해요
기분이 좋아요 오늘
그대가 곁에 있어
와인 한잔해요
지난 아픔 모두 잊고
이 밤의 선물을 마셔요
내 사랑 그대 내 편인 그대
우리 참 많이 힘들었었죠
지금 이 순간 난 꿈을 꿔
내 마음 그대 곁에 영원히
우릴 축복해요
밤이 속삭여요 그대
내 품 속에 안겨 와요
내 사랑 그대 내 편인 그대
하늘이 정해준 나의 운명
지금 이 순간 난 꿈을 꿔
내 마음 그대 곁에 영원히
우릴 축복해요
밤이 속삭여요 그대
행복하게 해 줄게요",트로트
135,짠짠짠,"만만한 게 하나 없어
비틀거리는 쓰디쓴 인생아
사랑에 속고
실패에 울고
가엽기 짝이 없구나
떠난 기차에 손 흔들어도
되돌릴 수 없는 것을
한잔 술에 비워버리자
속은 쓰리겠지만
진하게 한잔 받으시오
아픈 기억일랑 잊고
돌리고 돌리고 짠
돌리고 돌리고 짠
오늘은 비워버리자
진하게 한잔 받으시오
슬픈 사연일랑 묻고
돌리고 돌리고 짠
돌리고 돌리고 짠
사는 게 그런 거지 짠짠짠
사나이로 태어나서
이름 석 자는 남기고 가야지
어깨를 펴고
독하게 맞서
인생은 파도라더라
지나간 세월을 불러봐도
돌아오지 않는 것을
잊자 잊자 털어버리자
속은 쓰리겠지만
진하게 한잔 받으시오
아픈 기억일랑 잊고
돌리고 돌리고 짠
돌리고 돌리고 짠
오늘은 비워버리자
진하게 한잔 받으시오
슬픈 사연일랑 묻고
돌리고 돌리고 짠
돌리고 돌리고 짠
사는 게 그런 거지 짠짠짠
사는 게 야속해도
외롭고 힘들어도
세상살이 사연 없는
사람이 어딨겠어 가즈아
진하게 한잔 받으시오
아픈 기억일랑 잊고
돌리고 돌리고 짠
돌리고 돌리고 짠
오늘은 비워버리자
진하게 한잔 받으시오
슬픈 사연일랑 묻고
돌리고 돌리고 짠
돌리고 돌리고 짠
사는 게 그런 거지 짠짠짠
사는 게 그런 거지 짠짠짠",트로트
136,거문고야,"오동잎 떨어진 달 밝은 밤에
너하고 나하고
이 밤이 가지 못하게 붙잡아보자
뚱따리뚱땅 뚱따리뚱땅 거문고야
내 청춘이 못가게 여섯줄을 퉁겨라
새파란 청춘 내 청춘을 어이 보내놓고
내가 너를 붙잡고 있으니
님이 생각난다 보고픈 내 님이
거문고야 여섯줄을 퉁겨라
달아나는 밤을 붙잡고 너를 붙잡고
뚱따리뚱땅 뚱따리뚱땅땅
오동잎 떨어진 달 밝은 밤에
너하고 나하고
이 밤이 못가게 붙잡아보자
오동잎 떨어진 달 밝은 밤에
너하고 나하고
이 밤이 가지 못하게 붙잡아보자
뚱따리뚱땅 뚱따리뚱땅 거문고야
내 청춘이 못가게 여섯줄을 퉁겨라
새파란 청춘 내 청춘을 어이 보내놓고
내가 너를 붙잡고 있으니
님이 생각난다 보고픈 내 님이
거문고야 여섯줄을 퉁겨라
달아나는 밤을 붙잡고 너를 붙잡고
뚱따리뚱땅 뚱따리뚱땅땅
오동잎 떨어진 달 밝은 밤에
너하고 나하고
이 밤이 못가게 붙잡아보자
내 청춘이 못가게 붙잡아보자",트로트
137,비 내리는 금강산,"비에 젖은 금강산이 한 맺혀 우는데
흐느껴 외쳐봐도 목놓아 불러봐도
대답이 없네
고향 땅 그려보며 지새운 세월
울다가 지친 날이 그 언제던가
떠나올 때 눈물짓던 어머니 모습
헤매도는 불효자식
불러 나 주오
고향 땅 그려보며 지새운 세월
울다가 지친 날이 몇 해였던가
이제는 기억 속에 멀어져 가네
저녁달도 홀로 지는 이국 하늘에
헤매도는 불효자식 불러 나 주오",트로트
138,희나리,"사랑함에 세심했던 나의 마음이
그렇게도 그대에겐 구속이었소

믿지못해 그런 것이 아니었는데
어쩌다가 헤어지는 이유가 됐소

내게 무슨 마음의 병 있는 것처럼
느낄 만큼 알 수 없는 사람이 되어

그대 외려 나를 점점 믿지 못하고
왠지 나를 그런 쪽에 가깝게 했소

나의 잘못이라면 그대를 위한
내 마음의 전부를 준 것뿐인데

죄인처럼 그대 곁에 가지 못하고
남이 아닌 남이 되어 버린 지금에

기다릴 수밖에 없는 나의 마음은
퇴색하기 싫어하는 희나리 같소

내게 무슨 마음의 병 있는 것처럼
느낄 만큼 알 수 없는 사람이 되어

그대 외려 나를 점점 믿지 못하고
왠지 나를 그런 쪽에 가깝게 했소


나의 잘못이라면 그대를 위한
내 마음의 전부를 준 것뿐인데

죄인처럼 그대 곁에 가지 못하고
남이 아닌 남이 되어 버린 지금에

기다릴 수밖에 없는 나의 마음은
퇴색하기 싫어하는 희나리 같소
퇴색하기 싫어하는 희나리 같소",트로트
139,내 나이가 어때서,"야 야 야 내 나이가 어때서
사랑에 나이가 있나요
마음은 하나요
느낌도 하나요
그대만이 정말 내 사랑인데
눈물이 나네요
내 나이가 어때서
사랑하기 딱 좋은 나인데
어느 날 우연히 거울 속에 비춰진
내 모습을 바라보면서
세월아 비켜라
내 나이가 어때서
사랑하기 딱 좋은 나인데
야 야 야 내 나이가 어때서
사랑에 나이가 있나요
마음은 하나요
느낌도 하나요
그대만이 정말 내 사랑인데
눈물이 나네요
내 나이가 어때서
사랑하기 딱 좋은 나인데
어느 날 우연히 거울 속에 비춰진
내 모습을 바라보면서
세월아 비켜라
내 나이가 어때서
사랑하기 딱 좋은 나인데
사랑하기 딱 좋은 나인데",트로트
140,사랑이 이런 건가요,"사랑이 이런 건가요
가슴이 떨려오네요
나 그대 생각하면은
자꾸만 가슴이 뛰네요
어쩌다 이렇게 멋진
그대를 만나게 됐는지
아무리 생각해도 난
행운의 남자인가 봐
난 이제 하루하루가
그대 있어 너무 행복해
그 깊은 사랑에 빠져
도대체 헤어 나올 수가 없어
사랑이 이런 건가요
가슴이 떨려오네요
나 그대 생각하면은
자꾸만 가슴이 뛰네요
난 이제 하루하루가
그대 있어 너무 행복해
그 깊은 사랑에 빠져
도대체 헤어 나올 수가 없어
사랑이 이런 건가요
가슴이 떨려오네요
나 그대 생각하면은
자꾸만 가슴이 뛰네요
나 그대 생각하면은
자꾸만 가슴이 뛰네요",트로트
141,타임머신,"나에게는 타임머신 있지
신비한 시간여행하는
꿈속에서 선물 주고 가셨지
그동안 고생했노라고
철모를 때 첫사랑 만나서
데이트하고
집안 형편 어려워 못다 한
공부 더 하고
하고 싶고 갖고 싶고
보고 싶었던 그 모든 것
이젠 다 이룰 수 있지
나에게는 타임머신 있지
오늘 밤 출발한다네
나에게는 타임머신 있지
하룻밤 과거로 떠나는
꿈속에서 남겨주고 가셨지
욕심 없이 잘 살았노라고
남모르게 키워온 꿈들도
다시금 꾸고
보란 듯이 성공해
폼 나게 살아도 보고
못난 아들 걱정하며
눈 감으신 우리 어머니
이제는 만날 수 있지
하지만 여우 같은 마누라
토끼 같은 자식 눈에 밟혀
강물에다 던져 버렸지
이런 게 인생인가 봐
이것이 인생인가 봐",트로트
142,추억으로 가는 당신,"나는 알아요 당신이 나를
얼마나 사랑하는지
내가 없으면 외로움 속에
조용히 흐느낄 그사람
떠나야 할 까닭일랑
묻지 말아요
내가 너무 바보였어요
모든 것이 세월 속에 지워질 때면
그땐 내 마음 알게 될 거야
너무도 사랑한 당신
영원히 못 잊을 당신
추억으로 가는 당신
나는 알아요 당신을 떠날
그날이 내게 온 것을
내가 없으면 외로움 속에
조용히 흐느낄 그 사람
진정 그대 사랑이 필요한 것은
내가 아닌 또 다른 사람
모든 것이 눈물 속에 지워질 때면
그땐 내 마음 알게 될 거야
떠나야 할 까닭일랑 묻지 말아요
떠나야 할 까닭일랑 묻지 말아요
내가 너무 바보였어요
모든 것이 세월 속에 지워질 때면
그땐 내 마음 알게 될 거야
너무도 사랑한 당신
영원히 못 잊을 당신
추억으로 가는 당신
추억으로 가는 당신",트로트
143,따라따라와 (Prod. by 영탁),"날 따라따라와
날 따라따라와
착한 척은 그만 예쁜 척도 그만
너도 이미 모두 알고 있잖아
그대만을 원해 바로 오늘 밤에
이젠 외로워할 필요 없는 걸
오 우리 사랑 One more time
숨이 차올 때까지
날 따라따라와
날 바라바라봐
너와 나 둘이서 또 밤새 춤추는 거야
꼭 잡고 따라와
꼭 나만 바라봐
이 밤이 새도록 난 너를 사랑할 거야
랄랄라라랄라 랄랄라라랄라
랄랄라랄랄랄랄라라라라
랄랄라라랄라 랄랄라라랄라
랄랄라랄랄랄랄라라라라
아닌 척은 그만 부끄러운 척 그만
너도 이미 생각하고 있잖아
그대만을 원해 바로 오늘 밤에
이제 우리 둘만의 시간인 걸
오 우리 사랑 One more time
숨이 차올 때까지
날 따라따라와
날 바라바라봐
너와 나 둘이서 또 밤새 춤추는 거야
꼭 잡고 따라와
꼭 나만 바라봐
이 밤이 새도록 난 너를 사랑할 거야
랄랄라라랄라 랄랄라라랄라
랄랄라랄랄랄랄라라라라
랄랄라라랄라 랄랄라라랄라
랄랄라랄랄랄랄라라라라
날 따라따라와",트로트
144,붓,"힘겨운 세월을 버티고 보니
오늘 같은 날도 있구나
그 설움 어찌 다 말할까
이리 오게 고생 많았네
칠십년 세월
그까짓 게 무슨 대수요
함께 산 건 오천년인데
잊어버리자 다 용서하자
우린 함께 살아야 한다
백두산 천지를 먹물 삼아
한 줄 한 줄 적어나가세
여보게 친구여
붓을 하나 줄 수 있겠나
붓을 하나 줄 수 있겠나
칠십년 세월
그까짓 게 무슨 대수요
함께 산 건 오천년인데
잊어버리자 다 용서하자
우린 함께 살아야 한다
한라산 구름을 화폭 삼아
한 점 한 점 찍어나가세
여보게 친구여
붓을 하나 줄 수 있겠나
여보게 친구여
붓을 하나 줄 수 있겠나
붓을 하나 줄 수 있겠나",트로트
145,어부바,"어부바 부리 부비바
내 사랑 나의 어부바
어부바 부리 부비바
사랑해요 어부바
미운 다섯살 애기같아요
정말로 장난아니죠
나만 보면 뭐가 좋은지
떨어져선 살수 없대요
살수 없대
안아 달라고
업어 달라고
툭하면 떼쓰곤 해요
철은 없어도
착한 내 사랑
내게 와요 내 사랑
어부바
가끔씩 애교스런
닭살 멘트로
웃게하는 센스도 있고
소풍가는 애처럼
도시락 들고
점심도 함께 하재요
어부바 부리 부비바
내 사랑 나의 어부바
어부바 부리 부비바
사랑해요 어부바

어부바 부리 부비바
내 사랑 나의 어부바
어부바 부리 부비바
사랑해요 어부바
미운 일곱살 닮았어요
이사람 특히 그래요
나를 만나면
뭐가 신난지
끝없이 장난만 쳐요
장난만 쳐
같이 있자고
놀아 달라고
툭하면 떼쓰곤 해요
얼래 보아도
달래 보아도
철이 없는 내 사랑
어부바
가끔씩 애교스런
닭살 멘트로
웃게하는 센스도 있고
햇살 좋은 날에는
김밥을 들고
공원에 놀러 가재요
어부바 부리 부비바
내 사랑 나의 어부바
어부바 부리 부비바
사랑해요 어부바
사랑해요 어부바
어부바",트로트
146,천상재회,"그대는 오늘밤도 내게 올순 없겠지
목메어 애타게 불러도 대답없는 그대여
못다한 이야기는 눈물이 되겠지요
나만을 사랑했다는 말 바람결에 남았어요
끊을 수 없는 그대와 나의 인연은
운명이라 생각했죠
가슴에 묻은 추억의 작은 조각들
되돌아 회상하면서
천상에서 다시 만나면
그대를 다시 만나면
세상에서 못다했던 그 사랑을
영원히 함께 할래요

끊을 수 없는 그대와 나의 인연은
운명이라 생각했죠
가슴에 묻은 추억의 작은 조각들
되돌아 회상하면서
천상에서 다시 만나면
그대를 다시 만나면
세상에서 못다했던 그 사랑을
영원히 함께 할래요
세상에서 못다했던 그 사랑을
영원히 함께 할래요",트로트
147,눈물비,"눈물비 주루루 내리면
내겐 우산 같던 한 사람
세상 아픔들을 대신 맞아주고
나를 지켜주던 한 사람
미안해요 미안해요
사랑해요 사랑해요
비 개인 하늘은 저리 맑은데
마음에 빗물은 그치지 않아
미안한 마음은 먹물이 되어
가슴에 번져가네요
오오 못해준 기억이 많아
너무 멀리 가버린 사람
눈물비 주루루 내리면
내겐 우산 같던 한 사람
세상 아픔들을 대신 맞아주고
나를 지켜주던 한 사람
미안해요 미안해요
사랑해요 사랑해요
오오 못해준 기억이 많아
너무 멀리 가버린 사람
눈물비 주루루 내리면
내겐 우산 같던 한 사람
세상 아픔들을 대신 맞아주고
나를 지켜주던 한 사람
미안해요 미안해요
사랑해요 사랑해요",트로트
148,미안하오,"지나온 세월을 돌아보니
아쉬움이 많이 남는구나
바쁘단 핑계로 당신을 아끼지 못해
내가 너무나 미안하오
항상 곁에 있어 몰랐나 봐
고왔던 손이 참 거칠어졌어
고생시키지 않겠다고
그렇게 약속했는데
내가 정말로 미안하오
이 못난 날 만나 참 고생이 많았소
고왔던 얼굴이 많이 변했구려
이제는 그댈 위해 남은 생 살아가겠소
내가 그대를 많이 사랑하오
뒤돌아 문득 나를 돌아보니
무심한 날이 참 많았구나
나 몰래 뒤돌아 흘린 눈물 생각하니
내가 너무나 미안하오
이 못난 날 만나 참 고생이 많았소
고왔던 얼굴이 많이 변했구려
이제는 그댈 위해 남은 생 살아가겠소
내가 그대를 많이 사랑하오
뒤돌아 문득 나를 돌아보니
무심한 날이 참 많았구나
나 몰래 뒤돌아 흘린 눈물 생각하니
내가 너무나 미안하오
그댈 너무나 사랑하오",트로트
149,만약에,"만약에 당신이 그 누구와
사랑에 빠지면
그 사랑을 위해서 무얼할 수 있나
텅빈세상 살아가는 이유가
만약에 너라면 어떡하겠니
사는동안 단 한 번의 사랑이
만약에 너라면 허락하겠니
얼마나 더많이 외로워해야
널 끌어안고서 울어볼까
이제는 더이상 지칠 몸조차
비워둘 마음조차 없는데
또다른 이유로 널 못본다면
나 살아가는 의미도 없지
만약에 널 위해 나 죽을 수 있다면
날 받아 주겠니

텅빈세상 살아가는 이유가
만약에 너라면 어떡하겠니
사는동안 단 한 번의 사랑이
만약에 너라면 허락하겠니
얼마나 더많이 외로워해야
널 끌어안고서 울어볼까
이제는 더이상 지칠 몸조차
비워둘 마음조차 없는데
또다른 이유로 널 못본다면
나 살아가는 의미도 없지
만약에 널 위해 나 죽을 수 있다면
날 받아 주겠니
만약에 널 위해 나 죽을 수 있다면
날 받아 주겠니
만약에 당신이 그 누구와
사랑에 빠지면
그 사람을 위해서 다해줄 수 있나",트로트
150,꽃길,"다시 돌아가라 하면
싫어요 난 못가요
비단옷 꽃길 이라도
이제 다시 사랑 안 해요
몰라서 걸어온 그 길
알고는 다시는 못가
아파도 너무나 아파
사랑은 또 무슨 사랑
다시 돌아가라 하면
싫어요 난 못가요
비단옷 꽃길 이라도
이제 다시 사랑 안 해요
몰라서 걸어온 그 길
알고는 다시는 못가
아파도 너무나 아파
꽃길은 또 무슨 꽃길
몰라서 걸어온 그 길
알고는 다시는 못가
아파도 너무나 아파
사랑은 또 무슨 사랑
꽃길은 또 무슨 꽃길",트로트
151,천 개의 바람이 되어,"나의 사진 앞에서 울지 마요
나는 그곳에 없어요
나는 잠들어 있지 않아요
제발 날 위해 울지 말아요
나는 천 개의 바람
천 개의 바람이 되었죠
저 넓은 하늘 위를
자유롭게 날고 있죠
가을엔 곡식들을 비추는
따사로운 빛이 될게요
겨울엔 다이아몬드처럼
반짝이는 눈이 될게요
아침엔 종달새 되어
잠든 당신을 깨워줄게요
밤에는 어둠 속에 별 되어
당신을 지켜 줄게요
나는 천 개의 바람
천 개의 바람이 되었죠
저 넓은 하늘 위를
자유롭게 날고 있죠
저 넓은 하늘 위를
자유롭게 날고 있죠",트로트
152,거짓말,"사랑했다는 그 말도 거짓말
돌아온다던 그 말도 거짓말
세상의 모든 거짓말 다 해놓고
행여 나를 찾아와 있을
너의 그 마음도 다칠까
너의 자리를 난 또 비워둔다
이젠 더 이상 속아선 안되지
이젠 더 이상 믿어선 안되지
하지만 그게 말처럼 쉽지 않아
다시 한번만 더
나 너를 다시 한번만 더
너에게
나를 사랑할 기횔 주어본다
어떤 사랑으로
나의 용서에 답하련지
또 잠시 날 사랑하다
떠날 건지
마치 처음 날 사랑하듯
가슴 뜨겁게 와 있지만
난 왠지 그 사랑이 두려워
오직 나만을 위한 그 약속과
내 곁에서 날 지켜준다는 말
이번만큼은 제발 변치않길
어떤 사랑으로
나의 용서에 답하련지
또 잠시 날 사랑하다
떠날 건지
마치 처음 날 사랑하듯
가슴 뜨겁게 와 있지만
난 왠지 그 사랑이 두려워
오직 나만을 위한 그 약속과
내 곁에서 날 지켜준다는 말
이번만큼은 제발 변치않길
오직 나만을 위한 그 약속과
내 곁에서 날 지켜준다는 말
이번만큼은 제발 변치않길",트로트
153,올래,"올래 올래 올래
올래 올래 올래

올래 올래
살랑 살랑 불어오는 바람타고 왔나요
살랑 살랑
내 맘을 흔들흔들 흔들리게 해놓고
알고도 알고도 알고도 모른척 한다면
너무나 얄미운 당신
올래 올래
올래 올래 올래
튕기지 말고 내게 다가올래
니 맘에 들었다면
날 한번쯤 안아 봐도 괜찮아
올래 올래
올래 올래 올래
멋지게 후끈하게 다가올래
살며시 입 맞춰도
난 모른 척 눈감아 줄게
올래 올래

올래 올래
힐끔힐끔 바라보는 그대눈빛 알지만
힐끔힐끔
모른 척 돌아서면 애가타서 어쩌나
하지만 하지만 하지만 후회는 안 해요
내 맘에 쏙 드는 당신
올래 올래
올래 올래 올래
튕기지 말고 내게 다가올래
니 맘에 들었다면
날 한번쯤 안아 봐도 괜찮아
올래 올래
올래 올래 올래
멋지게 후끈하게 다가올래
살며시 입 맞춰도
난 모른 척 눈감아 줄게
올래 올래
올래 올래 올래
올래 올래 올래
올래 올래 올래
튕기지 말고 내게 다가올래
니 맘에 들었다면
날 한번쯤 안아 봐도 괜찮아
올래 올래
올래 올래 올래
멋지게 후끈하게 다가올래
살며시 입 맞춰도
난 모른 척 눈감아 줄게
올래 올래
올래 올래
오 올래 오 올래
올래",트로트
154,첫사랑,"그대를 처음 본 순간
내 가슴 너무 떨렸어요
그때 이미 예감했죠
사랑에 빠질 것을
그대의 몸짓
그대의 미소
다정스런 그대 목소리
나 어떡해요
숨이 멎을 것 같아
그대에게 빠져버렸어요
하루 온 종일
그대 생각 뿐이죠
내일 역시도
그리 보낼 거예요
손 내밀어 잡아주세요
이런 내 사랑
받아 주세요

그대의 몸짓
그대의 미소
다정스런 그대 목소리
나 어떡해요
숨이 멎을 것 같아
그대에게 빠져버렸어요
하루 온종일
그대 생각뿐이죠
내일 역시도
그리 보낼 거예요
손 내밀어 잡아주세요
이런 내 사랑
받아 주세요
이런 내 사랑
받아 주세요",트로트
155,풍악,"쿵짜 쿵짜라 자
사랑 사랑의 풍악을 울려라
내 사랑이 들을 수 있게
풍악 소리도 슬피 우는 밤
내 맘도 따라 우네요
쿵짜 쿵짜라 자 짜 풍악을 울려라
내 사랑을 전할 수 있게
쿵짜 쿵짜라 자 짜 풍악 소리가
내 맘을 아프게 해요
살랑 살랑 부는 바람도
내 맘을 알고 있는지
딸랑 딸랑 풍경 소리가
내 맘을 달래 주네요
쿵짜라 자 짜 짜 풍악을 울려라
내 사랑이 들을 수 있게
쿵짜라 자 짜 짜 풍악을 울려라
내 사랑을 전할 수 있게
쿵짜 쿵짜라 자 짜 풍악을 울려라
내 사랑을 전할 수 있게
쿵짜 쿵짜라 자 짜 풍악 소리가
내 맘을 아프게 해요
살랑 살랑 부는 바람도
내 맘을 알고 있는지
딸랑 딸랑 풍경 소리가
내 맘을 달래 주네요
쿵짜라 자 짜 짜 풍악을 울려라
내 사랑이 들을 수 있게
쿵짜라 자 짜 짜 풍악을 울려라
내 사랑을 전할 수 있게
내 사랑을 전할 수 있게
쿵짜 쿵짜라 자",트로트
156,사랑님,"몇굽이 돌고 돌아
사랑님을 보았을까
새벽 안개 이슬 되어
알알이 맺혔구나
한 올 한 올 타는 가슴 어디에 둘까
그리운 맘 사랑에 졌네
아 아아 아 아 아아 아
안타까운 내 님이여
저 구름에 몸을 실어
둥실 둥실 띄워볼까
저 바람은 내 맘 알까
먹물 같은 이내 심정
사랑님은 아시려나
몇굽이 돌고 돌아
사랑님을 보았을까
새벽 안개 이슬 되어
알알이 맺혔구나
한 올 한 올 타는 가슴 어디에 둘까
그리운 맘 사랑에 졌네
아 아아 아 아 아아 아
안타까운 내 님이여
저 구름에 몸을 실어
둥실 둥실 띄워볼까
저 바람은 내 맘 알까
먹물 같은 이내 심정
사랑님은 아시려나
우리 님은 아시려나",트로트
157,무조건,"내가 필요할 때 나를 불러줘
언제든지 달려갈게
낮에도 좋아 밤에도 좋아
언제든지 달려갈게
다른 사람들이 나를 부르면
한참을 생각해 보겠지만
당신이 나를 불러준다면
무조건 달려갈 거야
당신을 향한 나의 사랑은
무조건 무조건이야
당신을 향한 나의 사랑은
특급 사랑이야
태평양을 건너 대서양을 건너
인도양을 건너서라도
당신이 부르면 달려갈 거야
무조건 달려갈 거야
내가 필요할 때 나를 불러줘
언제든지 달려갈게
낮에도 좋아 밤에도 좋아
언제든지 달려갈게
다른 사람들이 나를 부르면
한참을 생각해 보겠지만
당신이 나를 불러준다면
무조건 달려갈 거야
당신을 향한 나의 사랑은
무조건 무조건이야
당신을 향한 나의 사랑은
특급 사랑이야
태평양을 건너 대서양을 건너
인도양을 건너서라도
당신이 부르면 달려갈 거야
무조건 달려갈 거야
당신을 향한 나의 사랑은
무조건 무조건이야
당신을 향한 나의 사랑은
특급 사랑이야
태평양을 건너 대서양을 건너
인도양을 건너서라도
당신이 부르면 달려갈 거야
무조건 달려갈 거야",트로트
158,가지마,"가지 마 가지 마
동아줄로도 못 잡는 청춘
미련 만 한숨 만
제발 남지 않는 삶이 되길
눈물방울 빗물로 여기면서
살아왔던 날들이
후회 한 점 없다면 그건 거짓말
그저 오로지 사랑 하나만을 위해
나 살리라 오늘 내일도
가지 마 가지 마
동아줄로도 못 잡는 청춘
미련 만 한숨 만
제발 남지 않는 삶이 되길
눈물방울 빗물로 여기면서
살아왔던 날들이
후회 한 점 없다면 그건 거짓말
그저 오로지 사랑 하나만을 위해
나 살리라 오늘 내일도
눈물방울 빗물로 여기면서
살아왔던 날들이
후회 한 점 없다면 그건 거짓말
그저 오로지 사랑 하나만을 위해
나 살리라 오늘 내일도",트로트
159,두 주먹,"두 주먹을 내가 내가 꼭 안고 갈게요
당신 두 손을 내밀어 봐요
내 사랑을 당신 손에
꼭 쥐어 줄게요
나에게 당신은 숨을 쉬는 공기야
내가 매일 마시는 소중한 물이야
내 가슴에 집을 짓고 사는 당신
오래도록 내 옆에 있어주세요
함께 가는 길이 아무리 험해도
내가 당신 꼭 안고 갈게요
진짜 진짜 사랑이 무엇인가를
당신 손에 꼭 쥐어 주고 싶어
꼭 쥔 주먹을 내밀어 봐요
두 주먹을 내가 내가
움켜쥐고 갈게요
두 주먹을 내가 내가
꼭 안고 갈게요
당신 두 손을 내밀어 봐요
내 사랑을 당신 손에
꼭 쥐어 줄게요
나에게 당신은 숨을 쉬는 공기야
내가 매일 마시는 소중한 물이야
내 가슴에 집을 짓고 사는 당신
오래도록 내 옆에 있어주세요
함께 가는 길이 아무리 험해도
내가 당신 꼭 안고 갈게요
진짜 진짜 사랑이 무엇인가를
당신 손에 꼭 쥐어 주고 싶어
꼭 쥔 주먹을 내밀어 봐요
두 주먹을 내가 내가
움켜쥐고 갈게요
두 주먹을 내가 내가
꼭 안고 갈게요 두 주먹",트로트
160,희나리,"사랑함에 세심했던 나의 마음이
그렇게도 그대에겐 구속이었소
믿지 못해 그런 것이 아니었는데
어쩌다가 헤어지는 이유가 됐소
내게 무슨 마음의 병 있는 것처럼
느낄 만큼 알 수 없는 사람이 되어
그대 외려 나를 점점 믿지 못하고
왠지 나를 그런 쪽에 가깝게 했소
나의 잘못이라면 그대를 위한
내 마음의 전부를 준 것뿐인데
죄인처럼 그대 곁에 가지 못하고
남이 아닌 남이 되어 버린 지금에
기다릴 수밖에 없는 나의 마음은
퇴색하기 싫어하는 희나리 같소
내게 무슨 마음의 병 있는 것처럼
느낄 만큼 알 수 없는 사람이 되어
그대 외려 나를 점점 믿지 못하고
왠지 나를 그런 쪽에 가깝게 했소
나의 잘못이라면 그대를 위한
내 마음의 전부를 준 것뿐인데
죄인처럼 그대 곁에 가지 못하고
남이 아닌 남이 되어 버린 지금에
기다릴 수밖에 없는 나의 마음은
퇴색하기 싫어하는 희나리 같소
퇴색하기 싫어하는 희나리 같소",트로트
161,울면서 후회하네,"순정을 다 바쳐서 믿었던 그 사람
사랑의 낙서만 남기고 떠나갔네
사랑이 이렇게도 괴로운 줄
왜 몰랐을까
빼앗긴 내 마음을
찾을 수도 없으면서
울면서 후회하네
아 스쳐만 지나갈 걸
그냥 그대로 있을 걸
당신 앞에 머뭇거린
내가 미워서
울면서 후회하네
이 마음 다 바쳐서 믿었던 그 사람
사랑의 상처만 남기고 떠나갔네
슬픔이 이렇게도 아픈 것을
왜 몰랐던가
상처 난 내 마음을
달랠 수도 없으면서
울면서 후회하네
아 차라리 스칠 것을
쳐다보지 말 것을
당신 앞에 서성거린
내가 미워서
울면서 후회하네
당신 앞에 머뭇거린
내가 미워서
울면서 후회하네
울면서 후회하네
울면서 후회하네",트로트
162,애가타,"이대로 나를 바라봐
눈으로 나를 안아줘
만날 때마다 자꾸만
가슴이 먼저 하는말
사랑에 빠진 건가요
어떻게 하면 좋아요
이제는 아닌 척 해도
아무런 소용이 없어
그냥 바라만 봐도 애가타
맘이 너무 아파서 애가타
이러는게 아닌데
흘린 눈물 때문에
사랑하는 마음 들켜버렸어요
가까이 내게 와줘요
뭐라고 말 좀 해봐요
이렇게 애가 타도록 사랑하고 있는데

그냥 바라만 봐도 애가타
맘이 너무 아파서 애가타
이러는게 아닌데
흘린 눈물 때문에
사랑하는 마음 들켜버렸어요
가까이 내게 와줘요
뭐라고 말 좀 해봐요
이렇게 애가 타도록 사랑하고 있는데
사랑하고 있는데",트로트
163,부초같은 인생,"내 인생 고달프다
울어본다고 누가 내 맘 알리요
어차피 내가 택한 길이 아니냐
웃으면서 살아가보자
천 년을 살리요
몇 백 년을 살다 가리요
세상은 가만 있는데
우리만 변하는 구려
아아아아 아 아아 아
부초 같은 우리네 인생
아 아 아 아아아 우리네 인생
한 걸음 길을 걷다 돌아다보니
보랏빛 내 인생
웃으며 걸어왔던 길이 아니냐
후회 없이 살아가 보자
천 년을 살리요
몇 백 년을 살다 가리요
세상은 가만 있는데
우리만 변하는 구려
아아아아 아 아아 아
부초 같은 우리네 인생
아 아 아 아아아 우리네 인생
아 아 아 아아아 우리네 인생",트로트
164,배신자,"얄밉게 떠난 님아
얄밉게 떠난 님아
내 청춘 내 순정을
뺏어 버리고
얄밉게 떠난 님아
얄밉게 떠난 님아
얄밉게 떠난 님아
내 청춘 내 순정을
뺏어 버리고
얄밉게 떠난 님아
더벅머리 사나이에
상처를 주고
너 혼자 미련 없이
떠날 수가 있을까
배신자여 배신자여
사랑의 배신자여
얄밉게 떠난 님아
얄밉게 떠난 님아
내 청춘 내 행복을
짓밟아 놓고
얄밉게 떠난 님아
더벅머리 사나이에
상처를 주고
너 혼자 미련 없이
돌아서서 가는가
배신자여 배신자여
사랑의 배신자여
더벅머리 사나이에
상처를 주고
너 혼자 미련 없이
돌아서서 가는가
배신자여 배신자여
사랑의 배신자여
사랑의 배신자여",트로트
165,백만송이 장미,"먼엣날 어느별에서 내다시 세상에 나올때
사랑을 주고 오라는 작은 음성 하나 들었지
사랑할때만 피는꽃 백만송이 피어 보래는
진실한 사랑할때만 피어나는 사랑의 장미

미워하는 미워하는 미워하는 마음없이
아낌없이 아낌없이 사랑을 주기만 할때
수백만송이 백만송이 백만송이 꽃은 피고
그립고 아름다운 내별나라로 갈수 있다네

진실한 사랑은 뭔가 괴로운 눈물 흘렸네
헤어져간사람 많았던 너무나 슬픈 세상 이었기에
수많은 세월 흐른뒤 자기의 생명까지 모두다준
비처럼 홀연이 나타난 그런 사랑 나는 알았네

미워하는 미워하는 미워하는 마음없이
아낌없이 아낌없이 사랑을 주기만 할때
수백만송이 백만송이 백만송이 꽃은 피고
그립고 아름다운 내별나라로 갈수 있다네

이제는 모두가 떠날지라도 그러나 사랑은 계속 될거야
저별에서 나를 찾아온 그토록 기다리던 이인데
그대와 나함께 하면 더욱더 많은 꽃을 피우고
하나가 되는 우리는 영원한 저별로 돌아가리라

미워하는 미워하는 미워하는 마음없이
아낌없이 아낌없이 사랑을 주기만 할때
수백만송이 백만송이 백만송이 꽃은 피고
그립고 아름다운 내별나라로 갈수 있다네",트로트
166,"별, 그대","어둠속 빛 하나 없던 밤
별 하나 내게로 온거죠
세상 어느 별들 보다
아름답게 빛나고 있죠
비에 젖어 울먹이던 날
사나운 바람도 불던 날
따뜻하게 내 이름을 불러준
별과 밤을 지새웁니다
세상에 수많은 별들 가운데
나만을 밝혀준 그대라는 별
세월이 흐르고 계절이 가도
내가 함께할게요
어두운 밤이 지나도
별은 아직 거기 있네요
우리 함께 오른 그 언덕길이
내겐 너무 좋았습니다
세상에 수많은 별들 가운데
나만을 밝혀준 그대라는 별
세월이 흐르고 계절이 가도
내가 함께할게요
얼마나 그대를 기다렸는지
그토록 꿈꾸던 밤이 왔네요
평생을 반짝이게 해줄게요
내가 지켜줄게요
그대라는 나의 별",트로트
167,태클을 걸지마,"어떻게 살았냐고 묻지를 마라
이리저리 살았을 거란
착각도 마라
그래 한때 삶에 무게
견디지 못해
긴긴 세월 방황 속에
청춘을 묻었다
어허허 어허허
속절 없는 세월
탓해서 무얼해
되돌릴 수 없는 인생인 것을
지금부터 뛰어
앞만 보고 뛰어
내 인생에 태클을 걸지마
속절 없는 세월
탓해서 무얼해
되돌릴 수 없는 인생인 것을
지금부터 뛰어
앞만 보고뛰어
내 인생에 태클을 걸지마
내 인생에 태클을 걸지마",트로트
168,사랑은 꽃잎처럼,"라라라 라라라라
라라라라 라라라라
나를 떠나가면 안 돼요
멀어지면 안 돼요
하루만 하루만 하루만 내게 더 머물러요
사랑하면 할수록 난 아파요
그대 품속이 그리워요
스치는 바람처럼 짧았던 인연이래도 난
후회하지 않아요
황홀한 가시처럼 내 안에 깊숙이 박혀
자꾸 날 아프게 하네요
하룻밤 꿈처럼 깨면 다 사라져
아쉬워 뜨거운 눈물만 두 볼에 흘러요
나를 떠나가면 안 돼요
멀어지면 안 돼요
하루만 하루만 하루만 내게 더 머물러요
사랑하면 할수록 난 아파요
그대 품속이 그리워요
라라라 라라라라
라라라라 라라라라
좋았던 기억들만 가슴에 깊숙이 남아
자꾸 떠오르게 하네요
하룻밤 꿈처럼 깨면 다 사라져
아쉬워 뜨거운 눈물만 두 볼에 흘러요
나를 떠나가면 안 돼요
멀어지면 안 돼요
하루만 하루만 하루만 내게 더 머물러요
사랑하면 할수록 난 아파요
다시 한 번만 안아줘요
사랑은 꽃잎처럼 피면 다시 또 지고
그리워 그리워 그리워 그대
보고 싶은데
두 번 다신 없을 그 말 I love you
우리 사랑은 꽃잎처럼",트로트
169,서른 즈음에,"또 하루 멀어져 간다
내뿜은 담배 연기처럼
작기 만한 내 기억 속에
무얼 채워 살고 있는지
점점 더 멀어져 간다
머물러 있는
청춘인 줄 알았는데
비어가는 내 가슴 속엔
더 아무 것도 찾을 수 없네
계절은 다시 돌아 오지만
떠나간 내 사랑은 어디에
내가 떠나 보낸 것도 아닌데
내가 떠나 온 것도 아닌데
조금씩 잊혀져 간다
머물러 있는
사랑인 줄 알았는데
또 하루 멀어져 간다
매일 이별하며 살고 있구나
매일 이별하며 살고 있구나
점점 더 멀어져 간다
머물러 있는
청춘인 줄 알았는데
비어가는 내 가슴 속엔
더 아무 것도 찾을 수 없네
계절은 다시 돌아 오지만
떠나간 내 사랑은 어디에
내가 떠나 보낸 것도 아닌데
내가 떠나 온 것도 아닌데
조금씩 잊혀져 간다
머물러 있는
사랑인 줄 알았는데
또 하루 멀어져 간다
매일 이별하며 살고 있구나
매일 이별하며 살고 있구나",트로트
170,오라버니,"날 사랑하신다 하니
정말 그러시다니
구름타고 빛나는
하늘 훨훨 날아갑니다
날 사랑하신다 하니
정말 행복하여서
설레이다 떠는 가슴은
아픈 줄도 모른답니다
오라버니 어깨에
기대어 볼래요
커다란 가슴에 얼굴을 묻고
지금 이대로 죽어도
여한 없어요
나는 정말 여자라서 행복해요
오라버니 사랑한다
말해주세요
정신을 못 차릴거야
오라버니 목소리에
울고 웃어요
내겐 영원한 오라버니
오라버니 어깨에
기대어 볼래요
커다란 가슴에 얼굴을 묻고
지금 이대로 죽어도
여한 없어요
나는 정말 여자라서 행복해요
오라버니 사랑한다
말해주세요
정신을 못 차릴거야
오라버니 목소리에
울고 웃어요
내겐 영원한 오라버니",트로트
171,안돼요,"안 돼요 그대 떠나신다면
안 돼요 나는 못 보내요
싫어요 그대 잊으시라면
그럴 자신 나는 없어요
시간이 흘러 흘러가도
쉽게 지워지지 않는 기억들
단 하루를 살아도 나에겐 전부인 걸
그대 곁에 머물고 싶어
세상에 남아 아픈 추억에 남아
기다리면 다시 볼 수 있을까
눈물에 담아 시린 가슴을 숨겨봐도
난 나는 안 돼요
안 돼요 그대 잊으시라면
그럴 자신 나는 없어요
잊으려 미워 미워해도
쉽게 지워지지 않는 기억들
단 하루를 살아도 나에겐 전부인 걸
그대 곁에 머물고 싶어
세상에 남아 아픈 추억에 남아
기다리면 다시 볼 수 있을까
눈물에 담아 시린 가슴을 숨겨봐도
나는 나는 안 돼요
가슴에 남아 그대 흔적이 남아
꿈에서나 다시 볼 수 있을까
눈물에 담아 시린 가슴을 숨겨봐도
난 나는 안 돼요
난 나는 안 돼요",트로트
172,사내,"큰 소리로 울면서 이 세상에 태어나
가진 것은 없어도 비굴하진 않았다
때론 사랑에 빠져 비틀댄 적 있지만
입술 한 번 깨물고 사내답게 웃었다
긴가민가하면서 조마조마하면서
설마설마하면서 부대끼며 살아온
이 세상을 믿었다 나는 나를 믿었다
추억 묻은 친구야 물론 너도 믿었다
긴가민가하면서 조마조마하면서
설마설마하면서 부대끼며 살아온
이 세상을 믿었다 후회 역시도 없다
사내답게 살다가 사내답게 갈 거다
사내답게 갈 거다",트로트
173,천상재회,"천상에서 다시 만나면
그대를 다시 만나면
세상에서 못다했던 그 사랑을
영원히 함께 할래요
그대는 오늘밤도 내게 올 순 없겠지
목메어 애타게 불러도
대답없는 그대여
못다한 이야기는 눈물이 되겠지요
나만을 사랑했다는 말
바람결에 남았어요
끊을 수 없는 그대와 나의 인연은
운명이라 생각했죠
가슴에 묻은 추억의 작은 조각들
되돌아 회상하면서
천상에서 다시 만나면
그대를 다시 만나면
세상에서 못다했던 그 사랑을
영원히 함께 할래요
천상에서
다시 만나면
그대를 다시 만나면
세상에서 못다했던 그 사랑을
영원히 함께 할래요
세상에서 못다했던 그 사랑을
영원히 함께 할래요",트로트
174,응급실,"후회 하고 있어요
우리 다투던 그 날
괜한 자존심 때문에
끝내자고 말을 해버린거야
금방 볼 줄 알았어
날 찾길 바래왔어
허나 며칠이 지나도
아무 소식조차 없어
항상 내게 너무 잘해줘서
쉽게 생각했나봐
이젠 알아 내 고집때문에
힘들었던 너를
이 바보야 진짜 아니야
아직도 나를 그렇게 몰라
너를 가진 사람 나밖엔 없는데
제발 나를 떠나가지마
언제라도 내 편이 돼준 너
고마운 줄 모르고
철없이 나 멋대로한 거
용서할 수 없니
이 바보야 진짜 아니야
아직도 나를 그렇게 몰라
너를 가진 사람 나 밖엔 없는데
제발 떠나가지마
너 하나만 사랑하는데
이대로 나를 두고 가지마
나를 버리지마 그냥 날 안아줘
다시 사랑하게 돌아와",트로트
175,밤차에서,"밤차에서 밤차에서
우연히 만난 사람
이름도 묻지 않고
나이도 묻지 않고
첫눈에 반해버린
그 사람이 설레게 하네
나도 몰래 나도 몰래
사랑에 빠져버렸어
아 언제 다시 만날 수 있나
밤차에서 밤차에서
우연히 만난 사람
이름도 묻지 않고
나이도 묻지 않고
첫눈에 반해버린
그 사람이 설레게 하네
나도 몰래 나도 몰래
사랑에 빠져버렸어
아 언제 다시 만날 수 있나
만날 수 있나",트로트
176,비나리,"큐피트 화살이 가슴을 뚫고
사랑이 시작된 날
또 다시 운명의 페이지는 넘어가네
나 당신 사랑해도 될까요 말도 못하고
한없이 애타는 나의 눈짓들
세상이 온통 그대 하나로 변해 버렸어
우리 사랑 연습도 없이
벌써 무대로 올려졌네
생각하면 덧없는 꿈일지도 몰라
꿈일지도 몰라
하늘이여 저 사람 언제
또 갈라놓을거요
하늘이여 간절한 이 소망
또 외면할거요
예기치 못했던 운명의 그 시간
당신을 만나던 날
드러난 내 상처 어느새 싸매졌네
나만을 사랑하면 안될까요
마음만 달아 올라
오늘도 애타는 나의 몸짓들
따사로운 그대 눈빛 따라 도는
해바라기처럼
사랑이란 작은 배 하나
이미 바다로 띄워졌네
생각하면 허무한 꿈일지도 몰라
꿈일지도 몰라
하늘이여 이 사람 다시 또
눈물이면 안돼요
하늘이여 저 사람 영원히
사랑하게 해줘요
사랑하게 해줘요",트로트
177,월하가약,"달래도 달래도
가슴이 우는 밤
뉘 어깨에 기대어
저 달을 보시오
내 님이여 내 님이여
어이하여 못오시요
달빛아래 사랑언약
고이 새겨주오
달이뜨네 달이뜨네
달빛아래 사랑언약
저 달도 아시건만
어이해 당신만 모르시나
달래도 달래도
가슴이 우는 밤
뉘 어깨에 기대어
저 달을 보시오
내 님이여 내 님이여
어이하여 못오시요
달빛아래 사랑언약
고이 새겨주오
달이뜨네 달이뜨네
달빛아래 사랑언약
저 달도 아시건만
어이해 당신만 모르시나
아 아 아 아아
어이해 당신만 모르시나",트로트
178,울긴 왜 울어,"울지마 울긴 왜 울어
고까짓것 사랑 때문에
빗속을 거닐며
추억일랑 씻어버리고
한잔술로 잊어버려요
어차피 인생이란
이별이 아니더냐
울지마 울긴 왜 울어
바보처럼 울긴 왜 울어
울지마 울긴 왜 울어
고까짓것 미련 때문에
흐르는 강물에
슬픔일랑 던져버리고
돌아서서 웃어버려요
어차피 인생이란
연극이 아니더냐
울지마
울지마
울긴 왜 울어
바보처럼 울긴 왜 울어
바보처럼 울긴
왜 울어",트로트
179,이별의 버스 정류장,"추억 속의 슬픈 정류장
눈물 젖은 버스를 타면
당신이 생각나
차창밖에 비가 내리네
한 정거장 멈추고
지나칠 때마다 보고 싶어
줄 사람 없는 꽃다발은 시들어 가네
사랑은 사랑은 사랑은 꿈결처럼 와서
가장 행복할 때 떠나는 가 봐
가슴 시리도록 너의 입술
아직도 나를 부르네
사랑은 사랑은 사랑은 이별을 닮아서
사랑했었다 말하네
사랑은 내리고 이별을 태우고
버스는 달려 가네
홀로 남은 슬픈 정류장
당신과 나 헤어졌던 곳
한번쯤 만날까
혹시나 기대했었네
기억이란 페이지는
넘겨질 때마다 보고 싶어
줄 사람 없는 꽃다발은
또 시들어 가네
사랑은 사랑은 사랑은 꿈결처럼 와서
가장 행복할 때 떠나는 가 봐
가슴 시리도록 너의 입술
아직도 나를 부르네
사랑은 사랑은 사랑은 이별을 닮아서
사랑했었다 말하네
사랑은 내리고 이별을 태우고
버스는 달려 가네
사랑은 내리고 이별을 태우고
버스는 달려 가네
버스는 떠나 가네",트로트
180,배 띄어라,"배 띄워라 배 띄워라
아이야 벗님네야
배 띄워서 어서가자
배 띄워라 배 띄워라
아이야 벗님네야
배 띄워서 어서가자
동서남북 바람 불제
언제나 기다리나
술 익고 달이 뜨니
이때가 아니 드냐
배 띄워라
배 띄워라
아이야 벗님네야
배 띄워서 어서 가자
서럽다고 울지를 마랴
바람이 없으면 노를 젓고
바람이 불면 돛을 올려라
강 건너 벗님네들
앉아서 기다리랴
그리워 서럽다고 울지를 마랴
배 띄워라 배 띄워라
아이야 벗님네야
배 띄워서 어서가자
배 띄워라 배 띄워라",트로트
181,꽃길,"다시 돌아가라 하면
싫어요 난 못가요
비단옷 꽃길이라도
이제 다시 사랑 안 해요
몰라서 걸어온 그 길
알고는 다시는 못가
아파도 너무나 아파
사랑은 또 무슨 사랑
다시 돌아가라 하면
싫어요 난 못가요
비단옷 꽃길 이라도
이제 다시 사랑 안 해요
몰라서 걸어온 그 길
알고는 다시는 못가
아파도 너무나 아파
꽃길은 또 무슨 꽃길
몰라서 걸어온 그 길
알고는 다시는 못가
아파도 너무나 아파
사랑은 또 무슨 사랑
꽃길은 또 무슨 꽃길",트로트
182,훨훨훨,"사랑도 부질없어 미움도 부질없어
청산은 나를 보고 말없이 살라 하네
버려라 훨훨 벗어 버려라 훨훨
사랑도 미움도 버려라 벗어라 훨훨훨
아 아 물같이 바람같이 살라 하네
탐욕도 벗어 놓고 성냄도 벗어 놓고
창공은 나를 보고 티없이 살라 하네
버려라 훨훨 벗어 버려라 훨훨
탐욕도 성냄도 버려라 벗어라 훨훨훨
아 아 물같이 바람같이 살라 하네
물같이 바람같이 살라 하네",트로트
183,꼰대라떼,"제발 그만그만 그만해
오늘도 시작되는 꼰대라떼
아침에 한 잔 점심에 세 잔
저녁엔 열 잔이나 마셨는데
뻔뻔하게 뻔하게 반복되는
하루가 지나간다
왕년에 내가 말하신다면
오늘도 시작이구나
니까짓 게 뭘알아 궁금하시면
라떼를 한잔드세요
라떼라떼라떼라떼 라떼는 말이야
라떼라떼라떼라떼 라떼는 말이야
아침부터 시작되는 꼰대라떼
라떼라떼라떼라떼 라떼는 말이야
라떼라떼라뗀 말이야
제발 그만그만 그만해
오늘도 반복되는 꼰대라떼
아침에 번쩍 점심에 헤롱
저녁엔 내 정신이 어딜 갔나
뻔뻔하게 뻔하게 반복되는
하루가 지나간다
왕년에 내가 말하신다면
오늘도 시작이구나
니까짓 게 뭘 알아 궁금하시면
라떼를 한잔 드세요
라떼라떼라떼라떼 라떼는 말이야
라떼라떼라떼라떼 라떼는 말이야
아침부터 시작되는 꼰대라떼
라떼라떼라떼라떼 라떼는 말이야
라떼라떼라뗀 말이야
제발 그만그만 그만해
오늘도 반복되는 꼰대라떼
라떼라떼라떼라떼 라떼는 말이야
라떼라떼라떼라떼 라떼는 말이야
하루종일 계속되는 꼰대라떼
라떼라떼라떼라떼 라떼는 말이야
라떼라떼라뗀 말이야
제발 그만그만 그만해
리필은 됐습니다 꼰대라떼",트로트
184,잊혀진 계절,"지금도 기억하고 있어요
시월의 마지막 밤을
뜻 모를 이야기를 남긴 채
우리는 헤어졌지요
그 날의 쓸쓸했던 표정이
그대의 진실인가요
한마디 변명도 못하고
잊혀져야 하는 건가요
언제나 돌아오는 계절은
나에게 꿈을 주지만
이룰 수 없는 꿈은 슬퍼요
나를 울려요
그날의 쓸쓸했던 표정이
그대의 진심인가요
한마디 변명도 못하고
잊혀져야 하는건가요
언제나 돌아오는 계절은
나에게 꿈을 주지만
이룰 수 없는 꿈은 슬퍼요
나를 울려요",트로트
185,내 삶을 눈물로 채워도,"간간히 너를 그리워 하지만
어쩌다 너를 잊기도 하지
때로는 너를 미워도 하지만
가끔은 눈시울 젖기도 하지
어쩌면 지금 어딘가 혼자서
나처럼 저달을 볼지도 몰라
초저녁 작게 빛나는 저별을
나처럼 보면서 울지도 몰라
루 루 루 루 루
루 루 루 루 루
아마난 평생을 못잊을것같아 너를
인연이라는 만남도 있지만
숙명이라는 이별도 있지
우리의 만남이 인연이었다면
그인연 또한번 너였음 좋겠어
어쩌면 우리 언젠가 또다시
우연을 핑계로 만날지 몰라
내삶의 전부 눈물로 채워도
널 기다리면서 살른지 몰라
루 루 루 루 루
루 루 루 루 루
아마난 평생을 못잊을것같아 너를
루 루 루 루 루
루 루 루 루 루
아마난 평생을 못잊을것같아 너를
루 루 루 루 루
루 루 루 루 루
루 루 루 루 루
루 루 루 루 루
루 루 루 루 루
루 루 루 루 루
아마난 평생을 못잊을것같아 너를",트로트
186,낭만에 대하여,"궂은 비 내리는 날
그야말로 옛날식 다방에 앉아
도라지 위스키 한 잔에다
짙은 색소폰 소릴 들어보렴
새빨간 립스틱에
나름대로 멋을 부린 마담에게
실없이 던지는 농담 사이로
짙은 색소폰 소릴 들어보렴
이제와 새삼 이 나이에
실연의 달콤함이야 있겠냐만은
왠지 한 곳이 비어 있는
내 가슴이
잃어버린 것에 대하여

밤 늦은 항구에서
그야말로 연락선 선창가에서
돌아올 사람은 없을지라도
슬픈 뱃고동 소릴 들어보렴
첫사랑 그 소녀는
어디에서 나처럼 늙어갈까
가버린 세월이 서글퍼지는
슬픈 뱃고동 소릴 들어보렴
이제와 새삼 이 나이에
청춘의 미련이야 있겠냐만은
왠지 한 곳이 비어 있는
내 가슴에
다시 못 올 것에 대하여
낭만에 대하여",트로트
187,고장난 벽시계,"세월아 너는 어찌
돌아도 보지 않느냐
나를 속인 사람보다
네가 더욱 야속하더라
한두 번 사랑땜에 울고 났더니
저만큼 가버린 세월
고장 난 벽시계는 멈추었는데
저 세월은 고장도 없네
청춘아 너는 어찌
모른 척하고 있느냐
나를 버린 사람 보다
네가 더욱 무정하더라
뜬구름 쫓아가다 돌아봤더니
어느새 흘러간 청춘
고장 난 벽시계는 멈추었는데
저 세월은 고장도 없네
고장 난 벽시계는 멈추었는데
저 세월은 고장도 없네",트로트
188,천년지기,"내가 지쳐 있을때
내가 울고 있을때
위로가 되어준 친구
너는 나의 힘이야
너는 나의 보배야
천년지기 나의 벗이야
친구야 우리 우정의 잔을
높이 들어 건배를 하자
같은 배를 함께 타고
떠나는 인생길
니가 있어 외롭지않아
넌 정말 좋은 친구야
내가 외로워 할때
내가 방황을 할때
위로가 되어준 친구
너는 나의 힘이야
너는 나의 보배야
천년지기 나의 벗이야
친구야 우리 우정의 잔을
높이 들어 건배를 하자
같은 배를 함께 타고
떠나는 인생길
니가있어 외롭지 않아
넌 정말 좋은 친구야
친구야 우리우정의 잔을
높이 들어 건배를 하자
같은 배를 함께 타고
떠나는 인생길
니가 있어 외롭지않아
넌 정말 좋은 친구야
넌 정말 멋진 친구야",트로트
189,알아,"알아 수많은 세월이 흘러도
알아 널 잊지 못할 걸
알아 모든 게 내 잘못이야
알아 때늦은 후회
불러봐도 불러봐도
이젠 대답 없는 내 슬픈 사랑아
난 알아 가슴 아파 그래
난 알아 생각이 나서
난 알아 눈물 나서 그래
보고싶다 보고싶다
알아 운명의 장난인가 봐
알아 이미 늦은 걸
불러봐도 불러봐도
이젠 대답 없는 내 슬픈 사랑아
난 알아 가슴 아파 그래
난 알아 생각이 나서
난 알아 눈물 나서 그래
보고싶다 보고싶다
보고싶다 보고싶다
보고싶다 보고싶다",트로트
190,봄비,"봄비 속에 떠난 사람

봄비 맞으며 돌아왔네

그 때 그 날은 그 때 그 날은

웃으면서 헤어졌는데

오늘 이 시간 오늘 이 시간

너무나 아쉬워 서로가 울면서 창밖을 보네

봄비가 되어 돌아온 사람

비가 되어 가슴 적시네",트로트
191,꽃피는 사랑노래,"봄바람 불어 오면은
당신에게 달려갈게요
화창한 날에 벚꽃이 피면은
손을 잡고 걸어볼까요
설레는 기분 느끼며
당신에게 달려갈게요
그리운 마음 바람에 실어
내 사랑을 고백할거야
산들산들 꽃송이들이 하얗게 내려
우리 사랑 축복해주네
기분 좋은 향기도 우릴 감싸주네요
아름다운 영화속처럼
꽃피는 사랑노래 바람에 실려
우리들의 사랑도 실려
빛나는 이 계절보다
설레는 당신을 만나
나는 매일 행복합니다
당신과 걷는 거리는
온통 분홍빛이 되어요
사랑도 우릴 질투하는지
얼굴이 빨개졌네요
조심스레 내려앉은 꽃잎을 따라
이 거리를 걸어보아요
바람 타고 날아온 운명 같은 만남은
하나의 선물인거죠
꽃피는 사랑노래 바람에 실려
우리들의 사랑도 실려
빛나는 이 계절보다
설레는 당신을 만나
나는 매일 행복합니다
두근대는 사랑을 타고
달콤한 구름을 타고
상큼한 이 계절보다
설레는 당신을 만나
미치도록 행복합니다
설렘보다 설레는 당신
장미보다 더 예쁜 당신",트로트
192,부자 (父子),"늘 등 뒤에 서서
남몰래 눈물 흘리며
텅 빈 마음 달래 준 것은
빈 잔 가득 눈물이었네
강물처럼 흘러간
내 인생 돌아보니
젊음은 기울어가고
주름만이 남았구나
청춘 바쳐 아들딸만 바라보다
멍들어버린 당신의 마음
난 괜찮다 난 괜찮아
속삭이던 아버지
그 시절 그때 어린아이는
몰랐어요 아버지 마음
어느새 많이 야위어버린
그 모습에 가슴 아파요
내 볼 어루만지며
하루 설움 삼키네
어젯밤도 오늘 밤도
너를 보며 버티는구나
청춘 바쳐 아들딸만 바라보다
멍들어버린 당신의 마음
난 괜찮다 난 괜찮아
속삭이던 아버지
그 시절 그때 어린아이는
몰랐어요 아버지 마음
어느새 많이 야위어버린
그 모습에 가슴 아파요",트로트
193,회룡포,"내 것이 아닌 것을
멀리 찾아서
휘돌아 감은 거
그 세월이 얼마이더냐
물설고 낮설은
어느 하늘 아래
빈 배로 나 서있구나
세월아 그 욕심 더 해가는
이 세상이 싫어 싫더라
나 이제 그 곳으로 돌아 가련다
내 마음 받아 주는 곳
아 어머님 품 속 같은 그 곳
회룡포로 돌아 가련다
세월아 그 욕심 더 해가는
이 세상이 싫어 싫더라
나 이제 그 곳으로 돌아 가련다
내 마음 받아 주는 곳
아 어머님 품속 같은 그 곳
회룡포로 돌아 가련다
회룡포로 돌아 가련다",트로트
194,미운 사랑,"남몰래 기다리다가
가슴만 태우는 사랑
어제는 기다림에
오늘은 외로움
그리움에 적셔진 긴 세월
이렇게 살라고 인연을 맺었나
차라리 저 멀리 둘 걸
미워졌다고 갈 수 있나요
행여나 찾아올까봐
가슴이 사랑을 잊지 못해
이별로 끝난다해도
그 끈을 놓을 순 없어
너와 난 운명인 거야
이렇게 살라고 인연을 맺었나
차라리 저 멀리 둘 걸
미워졌다고 갈 수 있나요
행여나 찾아올까봐
가슴이 사랑을 잊지 못해
이별로 끝난다해도
그 끈을 놓을 순 없어
너와 난 운명인 거야
그 끈을 놓을 순 없어
너와 난 운명인 거야",트로트
195,어느날 문득,"어느 날 문득 돌아다보니
지나온 모든 게 다 아픔이네요
날 위해 모든 걸 다 버려야는데
아직도 내 마음 둘 곳을 몰라요
오늘도 가슴엔 바람이 부네요
마음엔 나도 모를 설움이 가득
어디로 갈까요 어떻게 할까요
아직도 내가 날 모르나봐요
언제쯤 웃으며 날 볼 수 있을까
언제쯤 모든 걸 다
내려놓을 수 있을까
그땐 왜 그랬을까 그땐 왜 몰랐을까
사랑에 이별이 숨어있는지
어느 날 문득 생각해 보니
내가 없으면 세상이 없듯이
날 위해 이제는 다 비워야는데
아직도 내가 날 모르나봐요
언제쯤 웃으며 날 볼 수 있을까
언제쯤 모든 걸 다
내려놓을 수 있을까
그땐 왜 그랬을까 그땐 왜 몰랐을까
사랑에 이별이 숨어있는지
어느 날 문득 생각해 보니
내가 없으면 세상이 없듯이
날 위해 이제는 다 비워야는데
아직도 내가 날 모르나봐요
아직도 내가 날 모르나봐요",트로트
196,평행선,"나는 나밖에 모르고
너는 너밖에 모르고
그래서 우리는
똑같은 길을 걷지 평행선
나는 나밖에 몰랐지
너는 너밖에 몰랐지
그래서 우리는
만날 수 없는 거야 평행선
아직 사랑하고 있는데
서로 바라보고 싶은데
나는 다가서지 못하고
다른 길을 가고 있어
우리 서로 다시 만날 수 없는가
캄캄한 미로를 헤매이네
우리 서로 사랑할 수는 없는가
끝없는 평행선 걷고 있네
아직 사랑하고 있는데
서로 바라보고 싶은데
나는 다가서지 못하고
다른 길을 가고 있어
우리 서로 다시 만날 수 없는가
캄캄한 미로를 헤매이네
우리 서로 사랑할 수는 없는가
끝없는 평행선 걷고 있네",트로트
197,좋은 당신,"사랑한다 말해주세요
보고픈 맘 안아주세요
이 순간 나를 숨쉬게 하는 건
그대 사랑 때문이니까
인생이란 고단한 먼 길을
나와 함께 걸어갈 사람아
좋은 당신 내 곁에 있음에
모든 날이 난 꽃길입니다
라라라라 라라라라라라
내 곁에만 있어주세요
나 하나만 바라봐 주세요
세상에 나를 빛나게 하는 건
그대 사랑 때문이니까
인생이란 고단한 먼 길을
나와 함께 걸어갈 사람아
좋은 당신 내 곁에 있음에
모든 날이 난 꽃길입니다
라라라라
다음생이 또 내게 있다면
그래도 당신 당신입니다
사랑한다 말해주세요
언제 들어도 좋은 내 당신
언제 보아도 좋은 내 당신",트로트
198,따르릉 (작곡가 Ver.),"따르릉 따르릉 내가 니 누나야
Yeah 따르릉
1 2 3 4
니가 먼저 만나재 놓고
내 탓을 하지 마
니가 니가 나쁜 남자
내 탓을 하지 마
이 여자 저 여자 다 만나놓고
내 탓을 하지 마
누나야 누나 누나야 니 누나야
누나야 누나 누나야 니 누나야
이 여자 저 여자 만나봤겠지만
즐거웠겠지만
너를 사랑해 사랑해
따르릉
따르릉 따르릉 내가 니 누나야
따르릉 따르릉 내가 니 누나야
누누나나 내가 니 누나야
누누나나 내가 니 누나야
니 누나야
1 2 3 4
니가 먼저 날 차버렸지
내 탓을 하지 마
니가 먼저 꽁무니 뺏지
내 탓을 하지 마
이 여자 저 여자 다 만나놓고
내 탓을 하지 마
누나야 누나 누나야 니 누나야
누나야 누나 누나야 니 누나야
이 여자 저 여자 만나봤겠지만
후회하겠지만
너를 사랑해 사랑해
따르릉
따르릉 따르릉 내가 니 누나야
따르릉 따르릉 내가 니 누나야
누누나나 내가 니 누나야
누누나나 내가 니 누나야
니 누나야",트로트
199,꽃바람,"아 바람 불면
꽃바람이 살랑살랑
꿈에서도 그리던
님이 찾아 오려나
두근두근 설레는 가슴
나만을 사랑해 영원히 사랑해
그 한마디 남기고 떠난 사람
버들피리 불던 내 고향
시냇가에 무지개 뜨면
징검다리 건너서
님이 돌아온다고
두근두근 설레는 가슴
아 꽃비 내리면
봄바람이 산들 산들
꿈에서도 그리던
님이 찾아 오려나
두근두근 설레는 가슴
나만을 사랑해 영원히 사랑해
그 한마디 남기고 떠난 사람
하모니카 불던 내 고향
뒷동산에 보름달이 뜨면
산모퉁이 돌아서
님이 돌아온다고
두근두근 설레는 가슴
산모퉁이 돌아서
님이 돌아온다고
두근두근 설레는 가슴",트로트
200,기억 저편에,"그리움에 잠 못 드는 가을밤처럼
기억 저편 시간 속으로
하루 종일 비 내리는 좁은 골목길
나 혼자서 걸었죠
가끔은 생각이 나겠죠
아직도 아파하나요
힘들고 외로움에 지쳐도
이제는 슬퍼 말아요
그리움은 내 가슴에 남아있는데
여울진 기억 저편에
가끔은 생각이 나겠죠
아직도 아파하나요
힘들고 외로움에 지쳐도
이제는 슬퍼 말아요
그리움은 내 가슴에 남아있는데
여울진 기억 저편에
여울진 기억 저편에",트로트
